{
    "2016": {
        "tch": {
            "bin_0": {
                "down": 0.9159145776971241, 
                "up": 1.084085422302876
            }, 
            "bin_1": {
                "down": 0.9302636701016472, 
                "up": 1.0697363298983529
            }, 
            "bin_10": {
                "down": 0.9061398470227494, 
                "up": 1.0938601529772507
            }, 
            "bin_11": {
                "down": 0.9030201061377502, 
                "up": 1.09697989386225
            }, 
            "bin_12": {
                "down": 0.9201103423991457, 
                "up": 1.0798896576008543
            }, 
            "bin_13": {
                "down": 0.9064268047189374, 
                "up": 1.0935731952810626
            }, 
            "bin_14": {
                "down": 0.8898420280768213, 
                "up": 1.1101579719231787
            }, 
            "bin_15": {
                "down": 0.8774296104982107, 
                "up": 1.1225703895017893
            }, 
            "bin_16": {
                "down": 0.9178972921941811, 
                "up": 1.082102707805819
            }, 
            "bin_17": {
                "down": 0.909429641282439, 
                "up": 1.090570358717561
            }, 
            "bin_18": {
                "down": 0.9150713833266079, 
                "up": 1.084928616673392
            }, 
            "bin_19": {
                "down": 0.9029093206140432, 
                "up": 1.0970906793859567
            }, 
            "bin_2": {
                "down": 0.9232267566727707, 
                "up": 1.0767732433272295
            }, 
            "bin_3": {
                "down": 0.9147926041216332, 
                "up": 1.0852073958783668
            }, 
            "bin_4": {
                "down": 0.9250359148629542, 
                "up": 1.0749640851370459
            }, 
            "bin_5": {
                "down": 0.9273489873514447, 
                "up": 1.0726510126485553
            }, 
            "bin_6": {
                "down": 0.9235300316843603, 
                "up": 1.0764699683156396
            }, 
            "bin_7": {
                "down": 0.9365422981525543, 
                "up": 1.0634577018474456
            }, 
            "bin_8": {
                "down": 0.9155119226550691, 
                "up": 1.0844880773449308
            }, 
            "bin_9": {
                "down": 0.9185492724084792, 
                "up": 1.0814507275915208
            }
        }, 
        "tuh": {
            "bin_0": {
                "down": 0.9112508734349434, 
                "up": 1.0887491265650566
            }, 
            "bin_1": {
                "down": 0.9252545584287534, 
                "up": 1.0747454415712467
            }, 
            "bin_10": {
                "down": 0.9242167786565619, 
                "up": 1.075783221343438
            }, 
            "bin_11": {
                "down": 0.9022208741333431, 
                "up": 1.097779125866657
            }, 
            "bin_12": {
                "down": 0.9213024778994889, 
                "up": 1.078697522100511
            }, 
            "bin_13": {
                "down": 0.9035235632673151, 
                "up": 1.096476436732685
            }, 
            "bin_14": {
                "down": 0.9226674721297168, 
                "up": 1.0773325278702832
            }, 
            "bin_15": {
                "down": 0.9250830652119136, 
                "up": 1.0749169347880865
            }, 
            "bin_16": {
                "down": 0.914997454743322, 
                "up": 1.085002545256678
            }, 
            "bin_17": {
                "down": 0.8956666223338582, 
                "up": 1.104333377666142
            }, 
            "bin_18": {
                "down": 0.8803043804730184, 
                "up": 1.1196956195269816
            }, 
            "bin_19": {
                "down": 0.9195648042380267, 
                "up": 1.0804351957619733
            }, 
            "bin_2": {
                "down": 0.9241328028693763, 
                "up": 1.0758671971306237
            }, 
            "bin_3": {
                "down": 0.9232058902745477, 
                "up": 1.0767941097254523
            }, 
            "bin_4": {
                "down": 0.9302666145728966, 
                "up": 1.0697333854271034
            }, 
            "bin_5": {
                "down": 0.95444382958172, 
                "up": 1.0455561704182799
            }, 
            "bin_6": {
                "down": 0.9143306584716676, 
                "up": 1.0856693415283325
            }, 
            "bin_7": {
                "down": 0.9022318165040883, 
                "up": 1.0977681834959117
            }, 
            "bin_8": {
                "down": 0.9068498617795818, 
                "up": 1.093150138220418
            }, 
            "bin_9": {
                "down": 0.921286086546861, 
                "up": 1.0787139134531392
            }
        }
    }, 
    "2017": {
        "tch": {
            "bin_0": {
                "down": 0.9340254762799907, 
                "up": 1.0659745237200093
            }, 
            "bin_1": {
                "down": 0.9153439168887405, 
                "up": 1.0846560831112595
            }, 
            "bin_10": {
                "down": 0.9133756550700112, 
                "up": 1.0866243449299888
            }, 
            "bin_11": {
                "down": 0.9152836015884803, 
                "up": 1.0847163984115196
            }, 
            "bin_12": {
                "down": 0.9068284485026807, 
                "up": 1.0931715514973193
            }, 
            "bin_13": {
                "down": 0.9165526323445775, 
                "up": 1.0834473676554226
            }, 
            "bin_14": {
                "down": 0.909829592453673, 
                "up": 1.090170407546327
            }, 
            "bin_15": {
                "down": 0.9068802890298732, 
                "up": 1.093119710970127
            }, 
            "bin_16": {
                "down": 0.8828633820457912, 
                "up": 1.1171366179542088
            }, 
            "bin_17": {
                "down": 0.9396965729037724, 
                "up": 1.0603034270962277
            }, 
            "bin_18": {
                "down": 0.8953424178919265, 
                "up": 1.1046575821080735
            }, 
            "bin_19": {
                "down": 0.8866915887384472, 
                "up": 1.1133084112615528
            }, 
            "bin_2": {
                "down": 0.92467759528659, 
                "up": 1.07532240471341
            }, 
            "bin_3": {
                "down": 0.9242645811868877, 
                "up": 1.0757354188131123
            }, 
            "bin_4": {
                "down": 0.9327636552430094, 
                "up": 1.0672363447569906
            }, 
            "bin_5": {
                "down": 0.9090212740530388, 
                "up": 1.0909787259469612
            }, 
            "bin_6": {
                "down": 0.9193347119612058, 
                "up": 1.0806652880387944
            }, 
            "bin_7": {
                "down": 0.9201386016103366, 
                "up": 1.0798613983896634
            }, 
            "bin_8": {
                "down": 0.8818450815285416, 
                "up": 1.1181549184714585
            }, 
            "bin_9": {
                "down": 0.8899074491061675, 
                "up": 1.1100925508938326
            }
        }, 
        "tuh": {
            "bin_0": {
                "down": 0.924007738935523, 
                "up": 1.075992261064477
            }, 
            "bin_1": {
                "down": 0.9223816021325508, 
                "up": 1.0776183978674492
            }, 
            "bin_10": {
                "down": 0.9173425477064282,