{
    "2016": {
        "tch": {
            "bin_0": {
                "down": 0.9115727690746062,
                "up": 1.088427230925394
            },
            "bin_1": {
                "down": 0.923953524658091,
                "up": 1.076046475341909
            },
            "bin_10": {
                "down": 0.8988030650549919,
                "up": 1.1011969349450081
            },
            "bin_11": {
                "down": 0.8954375782659383,
                "up": 1.1045624217340617
            },
            "bin_12": {
                "down": 0.9096877720846073,
                "up": 1.0903122279153927
            },
            "bin_13": {
                "down": 0.8980655296301832,
                "up": 1.1019344703698168
            },
            "bin_14": {
                "down": 0.8839921871264306,
                "up": 1.1160078128735695
            },
            "bin_15": {
                "down": 0.8720417429590199,
                "up": 1.12795825704098
            },
            "bin_16": {
                "down": 0.9047779437603055,
                "up": 1.0952220562396946
            },
            "bin_17": {
                "down": 0.8966575291814111,
                "up": 1.1033424708185888
            },
            "bin_18": {
                "down": 0.9031142658648575,
                "up": 1.0968857341351423
            },
            "bin_19": {
                "down": 0.8917377608334971,
                "up": 1.108262239166503
            },
            "bin_2": {
                "down": 0.9176887378222166,
                "up": 1.0823112621777835
            },
            "bin_3": {
                "down": 0.9094108049933574,
                "up": 1.0905891950066426
            },
            "bin_4": {
                "down": 0.9181423901863126,
                "up": 1.0818576098136874
            },
            "bin_5": {
                "down": 0.9194956715690549,
                "up": 1.080504328430945
            },
            "bin_6": {
                "down": 0.9151815538685404,
                "up": 1.0848184461314596
            },
            "bin_7": {
                "down": 0.9245424275115589,
                "up": 1.0754575724884412
            },
            "bin_8": {
                "down": 0.907878358482323,
                "up": 1.0921216415176769
            },
            "bin_9": {
                "down": 0.9100339081107403,
                "up": 1.0899660918892597
            }
        },
        "tuh": {
            "bin_0": {
                "down": 0.9073186833122334,
                "up": 1.0926813166877667
            },
            "bin_1": {
                "down": 0.9196411646535362,
                "up": 1.080358835346464
            },
            "bin_10": {
                "down": 0.9153933207519868,
                "up": 1.0846066792480131
            },
            "bin_11": {
                "down": 0.8953801797036789,
                "up": 1.104619820296321
            },
            "bin_12": {
                "down": 0.9108181708454198,
                "up": 1.0891818291545803
            },
            "bin_13": {
                "down": 0.8956877521939246,
                "up": 1.1043122478060754
            },
            "bin_14": {
                "down": 0.9083287028315337,
                "up": 1.0916712971684663
            },
            "bin_15": {
                "down": 0.9102904853861817,
                "up": 1.0897095146138183
            },
            "bin_16": {
                "down": 0.9030509293201705,
                "up": 1.0969490706798295
            },
            "bin_17": {
                "down": 0.8866737106964935,
                "up": 1.1133262893035065
            },
            "bin_18": {
                "down": 0.873638032319119,
                "up": 1.1263619676808811
            },
            "bin_19": {
                "down": 0.9003124813608421,
                "up": 1.099687518639158
            },
            "bin_2": {
                "down": 0.9186650371909965,
                "up": 1.0813349628090037
            },
            "bin_3": {
                "down": 0.9174266839320705,
                "up": 1.0825733160679294
            },
            "bin_4": {
                "down": 0.9233600960675297,
                "up": 1.0766399039324703
            },
            "bin_5": {
                "down": 0.9410664430755824,
                "up": 1.0589335569244174
            },
            "bin_6": {
                "down": 0.9090798176086412,
                "up": 1.090920182391359
            },
            "bin_7": {
                "down": 0.8977436411823174,
                "up": 1.1022563588176826
            },
            "bin_8": {
                "down": 0.9016077067553001,
                "up": 1.0983922932446997
            },
            "bin_9": {
                "down": 0.9130903156802678,
                "up": 1.0869096843197323
            }
        }
    },
    "2017": {
        "tch": {
            "bin_0": {
                "down": 0.9273498868145393,
                "up": 1.0726501131854607
            },
            "bin_1": {
                "down": 0.9108689473441555,
                "up": 1.0891310526558444
            },
            "bin_10": {
                "down": 0.9048136942080772,
                "up": 1.0951863057919227
            },
            "bin_11": {
                "down": 0.9067387453872715,
                "up": 1.0932612546127285
            },
            "bin_12": {
                "down": 0.8976146220666595,
                "up": 1.1023853779333406
            },
            "bin_13": {
                "down": 0.9063825838553545,
                "up": 1.0936174161446457
            },
            "bin_14": {
                "down": 0.9008584808855453,
                "up": 1.0991415191144547
            },
            "bin_15": {
                "down": 0.8978121348232656,
                "up": 1.1021878651767345
            },
            "bin_16": {
                "down": 0.8763578789517933,
                "up": 1.1236421210482066
            },
            "bin_17": {
                "down": 0.9197956015758544,
                "up": 1.0802043984241458
            },
            "bin_18": {
                "down": 0.8877513773710194,
                "up": 1.1122486226289805
            },
            "bin_19": {
                "down": 0.8791025495946968,
                "up": 1.1208974504053033
            },
            "bin_2": {
                "down": 0.918897123002132,
                "up": 1.0811028769978681
            },
            "bin_3": {
                "down": 0.9181461266303125,
                "up": 1.0818538733696876
            },
            "bin_4": {
                "down": 0.9245760497837249,
                "up": 1.0754239502162752
            },
            "bin_5": {
                "down": 0.9040145341080061,
                "up": 1.0959854658919939
            },
            "bin_6": {
                "down": 0.9117455872810365,
                "up": 1.0882544127189635
            },
            "bin_7": {
                "down": 0.9123736353070123,
                "up": 1.0876263646929878
            },
            "bin_8": {
                "down": 0.8784059897035978,
                "up": 1.1215940102964022
            },
            "bin_9": {
                "down": 0.8858387027442131,
                "up": 1.114161297255787
            }
        },
        "tuh": {
            "bin_0": {
                "down": 0.9185107691457118,
                "up": 1.0814892308542883
            },
            "bin_1": {
                "down": 0.9172127947339841,
                "up": 1.082787205266016
            },
            "bin_10": {
                "down": 0.9093298951526292,
                "up": 1.090670104847371
            },
            "bin_11": {
                "down": 0.9139481097158091,