{
    "2016": {
        "tch": {
            "bin_0": {
                "down": 0.8776750952618305,
                "up": 1.1223249047381694
            },
            "bin_1": {
                "down": 0.8894773610658614,
                "up": 1.1105226389341387
            },
            "bin_10": {
                "down": 0.8956452455948711,
                "up": 1.1043547544051289
            },
            "bin_11": {
                "down": 0.9005522155035938,
                "up": 1.0994477844964061
            },
            "bin_12": {
                "down": 0.913886808563587,
                "up": 1.0861131914364128
            },
            "bin_13": {
                "down": 0.899804921416483,
                "up": 1.1001950785835168
            },
            "bin_14": {
                "down": 0.8998686619391629,
                "up": 1.100131338060837
            },
            "bin_15": {
                "down": 0.889981709854436,
                "up": 1.110018290145564
            },
            "bin_16": {
                "down": 0.8887051516006739,
                "up": 1.1112948483993261
            },
            "bin_17": {
                "down": 0.8630142248171135,
                "up": 1.1369857751828865
            },
            "bin_18": {
                "down": 0.8961967473147663,
                "up": 1.1038032526852337
            },
            "bin_19": {
                "down": 0.877003437560713,
                "up": 1.1229965624392872
            },
            "bin_2": {
                "down": 0.8975265849740582,
                "up": 1.1024734150259416
            },
            "bin_3": {
                "down": 0.9082618079680679,
                "up": 1.0917381920319322
            },
            "bin_4": {
                "down": 0.8992766064780893,
                "up": 1.1007233935219107
            },
            "bin_5": {
                "down": 0.9088391370103454,
                "up": 1.0911608629896548
            },
            "bin_6": {
                "down": 0.9271205149213417,
                "up": 1.0728794850786583
            },
            "bin_7": {
                "down": 0.8923113381770569,
                "up": 1.1076886618229431
            },
            "bin_8": {
                "down": 0.9015567805047977,
                "up": 1.0984432194952025
            },
            "bin_9": {
                "down": 0.8854869742486106,
                "up": 1.1145130257513893
            }
        },
        "tuh": {
            "bin_0": {
                "down": 0.8680446252173565,
                "up": 1.1319553747826434
            },
            "bin_1": {
                "down": 0.8983390662687589,
                "up": 1.1016609337312409
            },
            "bin_10": {
                "down": 0.9075331618524697,
                "up": 1.0924668381475304
            },
            "bin_11": {
                "down": 0.8828752589968586,
                "up": 1.1171247410031415
            },
            "bin_12": {
                "down": 0.89412136973548,
                "up": 1.10587863026452
            },
            "bin_13": {
                "down": 0.909799617468986,
                "up": 1.090200382531014
            },
            "bin_14": {
                "down": 0.8806101868292407,
                "up": 1.1193898131707594
            },
            "bin_15": {
                "down": 0.9034946112601638,
                "up": 1.0965053887398362
            },
            "bin_16": {
                "down": 0.9014609199939891,
                "up": 1.098539080006011
            },
            "bin_17": {
                "down": 0.9063927378376232,
                "up": 1.0936072621623767
            },
            "bin_18": {
                "down": 0.9016613167439286,
                "up": 1.0983386832560718
            },
            "bin_19": {
                "down": 0.8939739753057995,
                "up": 1.1060260246942006
            },
            "bin_2": {
                "down": 0.9033998383491431,
                "up": 1.096600161650857
            },
            "bin_3": {
                "down": 0.890465923676438,
                "up": 1.109534076323562
            },
            "bin_4": {
                "down": 0.9144541356305194,
                "up": 1.0855458643694806
            },
            "bin_5": {
                "down": 0.9044424956972786,
                "up": 1.0955575043027215
            },
            "bin_6": {
                "down": 0.9074709212039349,
                "up": 1.092529078796065
            },
            "bin_7": {
                "down": 0.910114523715773,
                "up": 1.0898854762842272
            },
            "bin_8": {
                "down": 0.9115735202952823,
                "up": 1.0884264797047176
            },
            "bin_9": {
                "down": 0.9067255046164734,
                "up": 1.0932744953835265
            }
        }
    },
    "2017": {
        "tch": {
            "bin_0": {
                "down": 0.9008493462121426,
                "up": 1.0991506537878575
            },
            "bin_1": {
                "down": 0.9047198961582511,
                "up": 1.095280103841749
            },
            "bin_10": {
                "down": 0.9131928743944486,
                "up": 1.0868071256055516
            },
            "bin_11": {
                "down": 0.9110395384926854,
                "up": 1.0889604615073147
            },
            "bin_12": {
                "down": 0.8893899435671141,
                "up": 1.1106100564328858
            },
            "bin_13": {
                "down": 0.8868607275811825,
                "up": 1.1131392724188174
            },
            "bin_14": {
                "down": 0.9282015663532377,
                "up": 1.0717984336467625
            },
            "bin_15": {
                "down": 0.8907374589925214,
                "up": 1.1092625410074786
            },
            "bin_16": {
                "down": 0.9016014388831219,
                "up": 1.098398561116878
            },
            "bin_17": {
                "down": 0.8865671621617374,
                "up": 1.1134328378382627
            },
            "bin_18": {
                "down": 0.8733708853920088,
                "up": 1.1266291146079912
            },
            "bin_19": {
                "down": 0.895695800970931,
                "up": 1.104304199029069
            },
            "bin_2": {
                "down": 0.9075701184946217,
                "up": 1.0924298815053783
            },
            "bin_3": {
                "down": 0.897434494566299,
                "up": 1.102565505433701
            },
            "bin_4": {
                "down": 0.9059679594895776,
                "up": 1.0940320405104225
            },
            "bin_5": {
                "down": 0.9218470263533578,
                "up": 1.0781529736466422
            },
            "bin_6": {
                "down": 0.8993461642167104,
                "up": 1.1006538357832896
            },
            "bin_7": {
                "down": 0.89904397083275,
                "up": 1.1009560291672502
            },
            "bin_8": {
                "down": 0.9121017258598869,
                "up": 1.0878982741401133
            },
            "bin_9": {
                "down": 0.8890764445015769,
                "up": 1.1109235554984234
            }
        },
        "tuh": {
            "bin_0": {
                "down": 0.894771099081977,
                "up": 1.105228900918023
            },
            "bin_1": {
                "down": 0.9077904208208437,
                "up": 1.0922095791791564
            },
            "bin_10": {
                "down": 0.90802314580424,
                "up": 1.09197685419576
            },
            "bin_11": {
                "down": 0.917667027740814,