{
    "2016": {
        "tch": {
            "bin_0": {
                "down": 0.9402093644554491, 
                "up": 1.0551376563954298
            }, 
            "bin_1": {
                "down": 0.9402205013468621, 
                "up": 1.0551017510301555
            }, 
            "bin_10": {
                "down": 0.9402111261597518, 
                "up": 1.0550528870956515
            }, 
            "bin_11": {
                "down": 0.9402115615856719, 
                "up": 1.0550531458921277
            }, 
            "bin_12": {
                "down": 0.9401946378471763, 
                "up": 1.0550491339566548
            }, 
            "bin_13": {
                "down": 0.9402058941334274, 
                "up": 1.0550506356000826
            }, 
            "bin_14": {
                "down": 0.9401549943772979, 
                "up": 1.0550583389611345
            }, 
            "bin_15": {
                "down": 0.9401498519885262, 
                "up": 1.0550603681149628
            }, 
            "bin_16": {
                "down": 0.9401373395671364, 
                "up": 1.05506579082661
            }, 
            "bin_17": {
                "down": 0.9401368401445342, 
                "up": 1.0550660199741746
            }, 
            "bin_18": {
                "down": 0.9401775799316285, 
                "up": 1.0550512956097537
            }, 
            "bin_19": {
                "down": 0.9400766615808356, 
                "up": 1.055098605212495
            }, 
            "bin_2": {
                "down": 0.9402195657134857, 
                "up": 1.0550618502814872
            }, 
            "bin_3": {
                "down": 0.94019960199581, 
                "up": 1.0551612712210452
            }, 
            "bin_4": {
                "down": 0.9402198912285948, 
                "up": 1.055062505396327
            }, 
            "bin_5": {
                "down": 0.9402095232881381, 
                "up": 1.0550520415965559
            }, 
            "bin_6": {
                "down": 0.9402143922373156, 
                "up": 1.0550552045524422
            }, 
            "bin_7": {
                "down": 0.9401911708573049, 
                "up": 1.0550492444719712
            }, 
            "bin_8": {
                "down": 0.940194806853581, 
                "up": 1.0550491340602772
            }, 
            "bin_9": {
                "down": 0.9402212220286963, 
                "up": 1.055065820289011
            }
        }, 
        "tuh": {
            "bin_0": {
                "down": 0.9140276719691638, 
                "up": 1.083992333153221
            }, 
            "bin_1": {
                "down": 0.91770743455157, 
                "up": 1.0801261561648454
            }, 
            "bin_10": {
                "down": 0.9284726340559835, 
                "up": 1.0686383471219878
            }, 
            "bin_11": {
                "down": 0.9279394346688894, 
                "up": 1.0692158883236953
            }, 
            "bin_12": {
                "down": 0.9269982846528577, 
                "up": 1.0702325557631345
            }, 
            "bin_13": {
                "down": 0.9292544902935501, 
                "up": 1.0677892782407872
            }, 
            "bin_14": {
                "down": 0.9293683480471349, 
                "up": 1.0676654044719063
            }, 
            "bin_15": {
                "down": 0.9295679521983528, 
                "up": 1.0674480957903492
            }, 
            "bin_16": {
                "down": 0.9310283987241769, 
                "up": 1.0658520853485882
            }, 
            "bin_17": {
                "down": 0.9319270036513783, 
                "up": 1.0648642319467636
            }, 
            "bin_18": {
                "down": 0.930695569193409, 
                "up": 1.0662167905991689
            }, 
            "bin_19": {
                "down": 0.9313026833621362, 
                "up": 1.0655510652199827
            }, 
            "bin_2": {
                "down": 0.9204619874234747, 
                "up": 1.0772153289228006
            }, 
            "bin_3": {
                "down": 0.9226900057115509, 
                "up": 1.0748484581479134
            }, 
            "bin_4": {
                "down": 0.9218911943619055, 
                "up": 1.0756984506882885
            }, 
            "bin_5": {
                "down": 0.9234064545621362, 
                "up": 1.0740846836374804
            }, 
            "bin_6": {
                "down": 0.9254209888723234, 
                "up": 1.0719292275675019
            }, 
            "bin_7": {
                "down": 0.9229265848679742, 
                "up": 1.0745964038252582
            }, 
            "bin_8": {
                "down": 0.9263715403481684, 
                "up": 1.0709077634754072
            }, 
            "bin_9": {
                "down": 0.9287503342983149, 
                "up": 1.0683370808711758
            }
        }
    }, 
    "2017": {
        "tch": {
            "bin_0": {
                "down": 0.93999994012672, 
                "up": 1.055491885571587
            }, 
            "bin_1": {
                "down": 0.9401550211646157, 
                "up": 1.055248368299237
            }, 
            "bin_10": {
                "down": 0.9401757408476896, 
                "up": 1.0550517272008273
            }, 
            "bin_11": {
                "down": 0.9401827520458138, 
                "up": 1.0550502583324883
            }, 
            "bin_12": {
                "down": 0.9401675999214385, 
                "up": 1.0550539747869234
            }, 
            "bin_13": {
                "down": 0.940148483775553, 
                "up": 1.055060929028176
            }, 
            "bin_14": {
                "down": 0.9401380327095936, 
                "up": 1.0550654742978869
            }, 
            "bin_15": {
                "down": 0.9401317665507697, 
                "up": 1.0550683974553028
            }, 
            "bin_16": {
                "down": 0.9401430553155515, 
                "up": 1.0550632348305822
            }, 
            "bin_17": {
                "down": 0.94005712781331, 
                "up": 1.0551107009895069
            }, 
            "bin_18": {
                "down": 0.9400545843891941, 
                "up": 1.0551123160148363
            }, 
            "bin_19": {
                "down": 0.9399431820843168, 
                "up": 1.0551895140495784
            }, 
            "bin_2": {
                "down": 0.9401937504776128, 
                "up": 1.055174120212882
            }, 
            "bin_3": {
                "down": 0.9402009018779508, 
                "up": 1.055158309684329
            }, 
            "bin_4": {
                "down": 0.9402200570249334, 
                "up": 1.055103726958164
            }, 
            "bin_5": {
                "down": 0.940219760586027, 
                "up": 1.055062236783232
            }, 
            "bin_6": {
                "down": 0.940214876913262, 
                "up": 1.055055635762602
            }, 
            "bin_7": {
                "down": 0.9402110526292735, 
                "up": 1.0550528446967955
            }, 
            "bin_8": {
                "down": 0.940214576900288, 
                "up": 1.0550553656734831
            }, 
            "bin_9": {
                "down": 0.9401910763152844, 
                "up": 1.0550492503144866
            }
        }, 
        "tuh": {
            "bin_0": {
                "down": 0.9046226879520324, 
                "up": 1.0937851030622434
            }, 
            "bin_1": {
                "down": 0.9164444181010076, 
                "up": 1.081455821364596
            }, 
            "bin_10": {
                "down": 0.9273859459999523,