{
    "2016": {
        "tch": {
            "bin_0": {
                "down": 0.9402232040738658, 
                "up": 1.0550799374872786
            }, 
            "bin_1": {
                "down": 0.9402167054575955, 
                "up": 1.0550575402365543
            }, 
            "bin_10": {
                "down": 0.9401823609685551, 
                "up": 1.0550503269495695
            }, 
            "bin_11": {
                "down": 0.9401808842633027, 
                "up": 1.055050601089645
            }, 
            "bin_12": {
                "down": 0.9401988851640593, 
                "up": 1.05504931406091
            }, 
            "bin_13": {
                "down": 0.9402016781550872, 
                "up": 1.0550496633944235
            }, 
            "bin_14": {
                "down": 0.94018567568135, 
                "up": 1.055049801466736
            }, 
            "bin_15": {
                "down": 0.9401969545423485, 
                "up": 1.0550491845089327
            }, 
            "bin_16": {
                "down": 0.9402054999305094, 
                "up": 1.0550505180386958
            }, 
            "bin_17": {
                "down": 0.9402004802622915, 
                "up": 1.0550494883356496
            }, 
            "bin_18": {
                "down": 0.9402141691768773, 
                "up": 1.055055014927357
            }, 
            "bin_19": {
                "down": 0.940199827218848, 
                "up": 1.0550494091867677
            }, 
            "bin_2": {
                "down": 0.9402230733629238, 
                "up": 1.0550758781818872
            }, 
            "bin_3": {
                "down": 0.9402200019177668, 
                "up": 1.0550627393468794
            }, 
            "bin_4": {
                "down": 0.9402198102604485, 
                "up": 1.055062337987553
            }, 
            "bin_5": {
                "down": 0.9402116676395225, 
                "up": 1.0550532109793236
            }, 
            "bin_6": {
                "down": 0.9402150247536859, 
                "up": 1.0550557727910614
            }, 
            "bin_7": {
                "down": 0.9402072395911237, 
                "up": 1.0550510850425354
            }, 
            "bin_8": {
                "down": 0.9401962013041977, 
                "up": 1.0550491561465447
            }, 
            "bin_9": {
                "down": 0.9401783476437473, 
                "up": 1.0550511247064192
            }
        }, 
        "tuh": {
            "bin_0": {
                "down": 0.9140783809705806, 
                "up": 1.0839392092778435
            }, 
            "bin_1": {
                "down": 0.9157672343851421, 
                "up": 1.0821675563019266
            }, 
            "bin_10": {
                "down": 0.926855590045, 
                "up": 1.0703864085678474
            }, 
            "bin_11": {
                "down": 0.9274548807288434, 
                "up": 1.069739747330051
            }, 
            "bin_12": {
                "down": 0.9263462054855762, 
                "up": 1.070935028091303
            }, 
            "bin_13": {
                "down": 0.9275079962143369, 
                "up": 1.0696823680075842
            }, 
            "bin_14": {
                "down": 0.9287676153290448, 
                "up": 1.068318322369756
            }, 
            "bin_15": {
                "down": 0.9266468023998735, 
                "up": 1.0706113895831297
            }, 
            "bin_16": {
                "down": 0.9272030947832492, 
                "up": 1.0700115990416017
            }, 
            "bin_17": {
                "down": 0.9310069613404888, 
                "up": 1.0658755943093854
            }, 
            "bin_18": {
                "down": 0.9311081775533037, 
                "up": 1.065764574444661
            }, 
            "bin_19": {
                "down": 0.9291994749436384, 
                "up": 1.0678491119516333
            }, 
            "bin_2": {
                "down": 0.9217592614694083, 
                "up": 1.0758386819660644
            }, 
            "bin_3": {
                "down": 0.9188242985695234, 
                "up": 1.0789478187699746
            }, 
            "bin_4": {
                "down": 0.9251173104158085, 
                "up": 1.0722549367141363
            }, 
            "bin_5": {
                "down": 0.9246029384301604, 
                "up": 1.0728059668647827
            }, 
            "bin_6": {
                "down": 0.921902773196772, 
                "up": 1.0756861415045087
            }, 
            "bin_7": {
                "down": 0.9237299724324638, 
                "up": 1.0737393354389635
            }, 
            "bin_8": {
                "down": 0.9280123641123041, 
                "up": 1.0691369626106897
            }, 
            "bin_9": {
                "down": 0.925254609495078, 
                "up": 1.072107713433667
            }
        }
    }, 
    "2017": {
        "tch": {
            "bin_0": {
                "down": 0.9397033645776549, 
                "up": 1.0559000935756564
            }, 
            "bin_1": {
                "down": 0.9401453352384085, 
                "up": 1.0552653108383847
            }, 
            "bin_10": {
                "down": 0.9402111018342388, 
                "up": 1.0550528730282538
            }, 
            "bin_11": {
                "down": 0.9402045229635184, 
                "up": 1.0550502521871157
            }, 
            "bin_12": {
                "down": 0.940170659011455, 
                "up": 1.0550530700600773
            }, 
            "bin_13": {
                "down": 0.9401979776501381, 
                "up": 1.0550492426198321
            }, 
            "bin_14": {
                "down": 0.9401711572135678, 
                "up": 1.0550529292725794
            }, 
            "bin_15": {
                "down": 0.9401232112941561, 
                "up": 1.0550725958118274
            }, 
            "bin_16": {
                "down": 0.9401046008385904, 
                "up": 1.0550824279187083
            }, 
            "bin_17": {
                "down": 0.9401521838883418, 
                "up": 1.0550594320932416
            }, 
            "bin_18": {
                "down": 0.9401839739437983, 
                "up": 1.0550500551063378
            }, 
            "bin_19": {
                "down": 0.9401235431146941, 
                "up": 1.055072428847808
            }, 
            "bin_2": {
                "down": 0.9401970628684346, 
                "up": 1.0551669364881702
            }, 
            "bin_3": {
                "down": 0.9402042159915573, 
                "up": 1.055150539144966
            }, 
            "bin_4": {
                "down": 0.9402198764148308, 
                "up": 1.055104499656042
            }, 
            "bin_5": {
                "down": 0.9402229166536609, 
                "up": 1.0550740360527215
            }, 
            "bin_6": {
                "down": 0.9401853157292962, 
                "up": 1.0550498521679081
            }, 
            "bin_7": {
                "down": 0.9402089540441328, 
                "up": 1.0550517779868018
            }, 
            "bin_8": {
                "down": 0.9402212344411427, 
                "up": 1.055065857773271
            }, 
            "bin_9": {
                "down": 0.9402095326972016, 
                "up": 1.0550520461057054
            }
        }, 
        "tuh": {
            "bin_0": {
                "down": 0.8948754169981689, 
                "up": 1.1038383343488583
            }, 
            "bin_1": {
                "down": 0.9069599676828555, 
                "up": 1.091361431429977
            }, 
            "bin_10": {
                "down": 0.9234042810473244,