{
    "2018": {
        "tch": {
            "fakes_mc": {
                "bin_0": {
                    "yield": 1799.0,
                    "error": 42.41462012089699
                },
                "bin_1": {
                    "yield": 1424.0,
                    "error": 37.73592452822641
                },
                "bin_2": {
                    "yield": 1353.0,
                    "error": 36.78314831549904
                },
                "bin_3": {
                    "yield": 1234.0,
                    "error": 35.12833614050059
                },
                "bin_4": {
                    "yield": 1066.0,
                    "error": 32.64965543462902
                },
                "bin_5": {
                    "yield": 948.0,
                    "error": 30.789608636681304
                },
                "bin_6": {
                    "yield": 913.0,
                    "error": 30.215889859476256
                },
                "bin_7": {
                    "yield": 852.0,
                    "error": 29.189039038652847
                },
                "bin_8": {
                    "yield": 694.0,
                    "error": 26.343879744638983
                },
                "bin_9": {
                    "yield": 708.0,
                    "error": 26.60826939130014
                },
                "bin_10": {
                    "yield": 678.0,
                    "error": 26.038433132583073
                },
                "bin_11": {
                    "yield": 594.0,
                    "error": 24.372115213907882
                },
                "bin_12": {
                    "yield": 510.0,
                    "error": 22.58317958127243
                },
                "bin_13": {
                    "yield": 510.0,
                    "error": 22.58317958127243
                },
                "bin_14": {
                    "yield": 430.0,
                    "error": 20.73644135332772
                },
                "bin_15": {
                    "yield": 389.0,
                    "error": 19.72308292331602
                },
                "bin_16": {
                    "yield": 387.0,
                    "error": 19.672315572906
                },
                "bin_17": {
                    "yield": 325.0,
                    "error": 18.027756377319946
                },
                "bin_18": {
                    "yield": 324.0,
                    "error": 18.0
                },
                "bin_19": {
                    "yield": 280.0,
                    "error": 16.73320053068151
                }
            },
            "flips_mc": {
                "bin_0": {
                    "yield": 124411.0,
                    "error": 352.7194352456354
                },
                "bin_1": {
                    "yield": 88003.0,
                    "error": 296.6529959397006
                },
                "bin_2": {
                    "yield": 74934.0,
                    "error": 273.7407532684894
                },
                "bin_3": {
                    "yield": 63058.0,
                    "error": 251.11352014576994
                },
                "bin_4": {
                    "yield": 52282.0,
                    "error": 228.65257488163127
                },
                "bin_5": {
                    "yield": 46036.0,
                    "error": 214.56001491424257
                },
                "bin_6": {
                    "yield": 41473.0,
                    "error": 203.64920819880444
                },
                "bin_7": {
                    "yield": 35616.0,
                    "error": 188.72201779336717
                },
                "bin_8": {
                    "yield": 32398.0,
                    "error": 179.9944443587079
                },
                "bin_9": {
                    "yield": 29282.0,
                    "error": 171.1198410471445
                },
                "bin_10": {
                    "yield": 28139.0,
                    "error": 167.74683305505354
                },
                "bin_11": {
                    "yield": 26057.0,
                    "error": 161.42180769648195
                },
                "bin_12": {
                    "yield": 23846.0,
                    "error": 154.42150109359773
                },
                "bin_13": {
                    "yield": 22554.0,
                    "error": 150.1798921294059
                },
                "bin_14": {
                    "yield": 21658.0,
                    "error": 147.16657229140046
                },
                "bin_15": {
                    "yield": 20424.0,
                    "error": 142.91256067959876
                },
                "bin_16": {
                    "yield": 20658.0,
                    "error": 143.7289114966088
                },
                "bin_17": {
                    "yield": 20789.0,
                    "error": 144.183910336764
                },
                "bin_18": {
                    "yield": 20140.0,
                    "error": 141.91546779685433
                },
                "bin_19": {
                    "yield": 21463.0,
                    "error": 146.50255970460037
                }
            }
        },
        "tuh": {
            "fakes_mc": {
                "bin_0": {
                    "yield": 1693.0,
                    "error": 41.14608122288197
                },
                "bin_1": {
                    "yield": 1277.0,
                    "error": 35.73513677041127
                },
                "bin_2": {
                    "yield": 1230.0,
                    "error": 35.07135583350036
                },
                "bin_3": {
                    "yield": 1160.0,
                    "error": 34.058772731852805
                },
                "bin_4": {
                    "yield": 1107.0,
                    "error": 33.27160951922825
                },
                "bin_5": {
                    "yield": 976.0,
                    "error": 31.240998703626616
                },
                "bin_6": {
                    "yield": 961.0,
                    "error": 31.0
                },
                "bin_7": {
                    "yield": 849.0,
                    "error": 29.13760456866693
                },
                "bin_8": {
                    "yield": 794.0,
                    "error": 28.178005607210743
                },
                "bin_9": {
                    "yield": 744.0,
                    "error": 27.27636339397171
                },
                "bin_10": {
                    "yield": 688.0,
                    "error": 26.229754097208
                },
                "bin_11": {
                    "yield": 617.0,
                    "error": 24.839484696748443
                },
                "bin_12": {
                    "yield": 608.0,
                    "error": 24.657656011875904
                },
                "bin_13": {
                    "yield": 542.0,
                    "error": 23.280893453645632
                },
                "bin_14": {
                    "yield": 479.0,
                    "error": 21.88606862823929
                },
                "bin_15": {
                    "yield": 403.0,
                    "error": 20.074859899884732
                },
                "bin_16": {
                    "yield": 396.0,
                    "error": 19.8997487421324
                },
                "bin_17": {
                    "yield": 358.0,
                    "error": 18.920887928424502
                },
                "bin_18": {
                    "yield": 282.0,
                    "error": 16.792855623746664
                },
                "bin_19": {
                    "yield": 255.0,
                    "error": 15.968719422671311
                }
            },