{
    "tch":{
       "signal_tch":{
            "bin_0":{
                "pdf_down":0.923693,
                "pdf_up":0.996376,
                "scale":1.08338
            },
            "bin_1":{
                "pdf_down":0.924296,
                "pdf_up":0.998839,
                "scale":1.07665
            },
            "bin_2":{
                "pdf_down":0.924452,
                "pdf_up":0.999474,
                "scale":1.08033
            },
            "bin_3":{
                "pdf_down":0.924889,
                "pdf_up":1.00273,
                "scale":1.0742
            },
            "bin_4":{
                "pdf_down":0.924847,
                "pdf_up":1.00299,
                "scale":1.07709
            },
            "bin_5":{
                "pdf_down":0.925055,
                "pdf_up":1.00201,
                "scale":1.07445
            },
            "bin_6":{
                "pdf_down":0.924994,
                "pdf_up":1.00422,
                "scale":1.07678
            },
            "bin_7":{
                "pdf_down":0.925389,
                "pdf_up":1.00329,
                "scale":1.07321
            },
            "bin_8":{
                "pdf_down":0.925124,
                "pdf_up":1.00214,
                "scale":1.07497
            },
            "bin_9":{
                "pdf_down":0.925232,
                "pdf_up":1.00345,
                "scale":1.07417
            },
            "bin_10":{
                "pdf_down":0.925473,
                "pdf_up":1.0024,
                "scale":1.07163
            },
            "bin_11":{
                "pdf_down":0.925569,
                "pdf_up":1.00269,
                "scale":1.07166
            },
            "bin_12":{
                "pdf_down":0.925411,
                "pdf_up":1.00251,
                "scale":1.07306
            },
            "bin_13":{
                "pdf_down":0.92588,
                "pdf_up":1.00365,
                "scale":1.07031
            },
            "bin_14":{
                "pdf_down":0.925882,
                "pdf_up":1.00464,
                "scale":1.06999
            },
            "bin_15":{
                "pdf_down":0.9258,
                "pdf_up":1.00386,
                "scale":1.06932
            },
            "bin_16":{
                "pdf_down":0.925533,
                "pdf_up":1.00581,
                "scale":1.07005
            },
            "bin_17":{
                "pdf_down":0.925794,
                "pdf_up":1.00585,
                "scale":1.06989
            },
            "bin_18":{
                "pdf_down":0.925802,
                "pdf_up":1.00522,
                "scale":1.06384
            },
            "bin_19":{
                "pdf_down":0.925856,
                "pdf_up":1.00636,
                "scale":1.06131
            }
        },
        "rares":{
            "bin_0":{
                "pdf_down":1.04087,
                "pdf_up":0.959132,
                "scale":0.792806
            },
            "bin_1":{
                "pdf_down":1.04379,
                "pdf_up":0.956214,
                "scale":1.09758
            },
            "bin_2":{
                "pdf_down":1.03769,
                "pdf_up":0.962314,
                "scale":0.843964
            },
            "bin_3":{
                "pdf_down":1.04571,
                "pdf_up":0.954293,
                "scale":0.871229
            },
            "bin_4":{
                "pdf_down":1.04447,
                "pdf_up":0.955526,
                "scale":0.861258
            },
            "bin_5":{
                "pdf_down":1.03851,
                "pdf_up":0.961487,
                "scale":0.88643
            },
            "bin_6":{
                "pdf_down":1.04099,
                "pdf_up":0.959015,
                "scale":0.90478
            },
            "bin_7":{
                "pdf_down":1.04465,
                "pdf_up":0.955345,
                "scale":0.856509
            },
            "bin_8":{
                "pdf_down":1.04606,
                "pdf_up":0.953942,
                "scale":0.88704
            },
            "bin_9":{
                "pdf_down":1.04561,
                "pdf_up":0.954391,
                "scale":0.861106
            },
            "bin_10":{
                "pdf_down":1.03914,
                "pdf_up":0.96085,
                "scale":0.887292
            },
            "bin_11":{
                "pdf_down":1.04698,
                "pdf_up":0.953016,
                "scale":0.878002
            },
            "bin_12":{
                "pdf_down":1.04306,
                "pdf_up":0.956937,
                "scale":1.14212
            },
            "bin_13":{
                "pdf_down":1.04244,
                "pdf_up":0.95756,
                "scale":1.11326
            },
            "bin_14":{
                "pdf_down":1.04459,
                "pdf_up":0.955408,
                "scale":0.89094
            },
            "bin_15":{
                "pdf_down":1.04647,
                "pdf_up":0.953535,
                "scale":0.857545
            },
            "bin_16":{
                "pdf_down":1.04666,
                "pdf_up":0.953342,
                "scale":1.11652
            },
            "bin_17":{
                "pdf_down":1.0475,
                "pdf_up":0.952502,
                "scale":0.86338
            },
            "bin_18":{
                "pdf_down":1.04455,
                "pdf_up":0.955451,
                "scale":0.914079
            },
            "bin_19":{
                "pdf_down":1.04722,
                "pdf_up":0.952779,
                "scale":0.826083
            }
        }
    },
    "tuh":{
        "signal_tuh":{
            "bin_0":{
                "pdf_down":0.926976,
                "pdf_up":1.01296,
                "scale":1.03364
            },
            "bin_1":{
                "pdf_down":0.927081,
                "pdf_up":1.00409,
                "scale":1.03247
            },
            "bin_2":{
                "pdf_down":0.9272,
                "pdf_up":1.00184,
                "scale":1.03334
            },
            "bin_3":{
                "pdf_down":0.924904,
                "pdf_up":1.00298,
                "scale":1.03658
            },
            "bin_4":{
                "pdf_down":0.926917,
                "pdf_up":1.00032,
                "scale":1.03244
            },
            "bin_5":{
                "pdf_down":0.925048,
                "pdf_up":1.00293,
                "scale":1.03201
            },
            "bin_6":{
                "pdf_down":0.927204,
                "pdf_up":1.00142,
                "scale":1.03654
            },
            "bin_7":{
                "pdf_down":0.927101,
                "pdf_up":1.00169,
                "scale":1.03333
            },
            "bin_8":{
                "pdf_down":0.927149,
                "pdf_up":1.00277,
                "scale":1.03522
            },
            "bin_9":{
                "pdf_down":0.927075,
                "pdf_up":1.00261,
                "scale":1.03661
            },
            "bin_10":{
                "pdf_down":0.927136,
                "pdf_up":1.00251,
                "scale":1.03381
            },
            "bin_11":{
                "pdf_down":0.927027,
                "pdf_up":1.00284,
                "scale":1.03274
            },
            "bin_12":{
                "pdf_down":0.926965,
                "pdf_up":1.00146,
                "scale":1.03272
            },
            "bin_13":{
                "pdf_down":0.927069,
                "pdf_up":1.00277,
                "scale":1.03441
            },
            "bin_14":{
                "pdf_down":0.927069,
                "pdf_up":1.00128,
                "scale":1.03498
            },
            "bin_15":{
                "pdf_down":0.927141,
                "pdf_up":1.00161,
                "scale":1.03507
            },