{
    "tch":{
        "signal_tch":{
            "bin_0":{
                "pdf_down":0.922903,
                "pdf_up":1.00185,
                "scale":1.09776
            },
            "bin_1":{
                "pdf_down":0.92415,
                "pdf_up":0.996505,
                "scale":1.08712
            },
            "bin_2":{
                "pdf_down":0.92399,
                "pdf_up":0.997662,
                "scale":1.0835
            },
            "bin_3":{
                "pdf_down":0.9245,
                "pdf_up":1,
                "scale":1.08167
            },
            "bin_4":{
                "pdf_down":0.924647,
                "pdf_up":1.00142,
                "scale":1.07943
            },
            "bin_5":{
                "pdf_down":0.924897,
                "pdf_up":1.00139,
                "scale":1.08005
            },
            "bin_6":{
                "pdf_down":0.9248,
                "pdf_up":1.00283,
                "scale":1.08021
            },
            "bin_7":{
                "pdf_down":0.925453,
                "pdf_up":0.998671,
                "scale":1.07799
            },
            "bin_8":{
                "pdf_down":0.925179,
                "pdf_up":1.00069,
                "scale":1.07857
            },
            "bin_9":{
                "pdf_down":0.925477,
                "pdf_up":1.00299,
                "scale":1.07583
            },
            "bin_10":{
                "pdf_down":0.925522,
                "pdf_up":1.00402,
                "scale":1.0752
            },
            "bin_11":{
                "pdf_down":0.925422,
                "pdf_up":1.00181,
                "scale":1.07632
            },
            "bin_12":{
                "pdf_down":0.92562,
                "pdf_up":1.0027,
                "scale":1.07417
            },
            "bin_13":{
                "pdf_down":0.925519,
                "pdf_up":1.00397,
                "scale":1.0696
            },
            "bin_14":{
                "pdf_down":0.92538,
                "pdf_up":1.00411,
                "scale":1.07033
            },
            "bin_15":{
                "pdf_down":0.925684,
                "pdf_up":1.00388,
                "scale":1.07237
            },
            "bin_16":{
                "pdf_down":0.925601,
                "pdf_up":1.00669,
                "scale":1.06751
            },
            "bin_17":{
                "pdf_down":0.925527,
                "pdf_up":1.00646,
                "scale":1.06885
            },
            "bin_18":{
                "pdf_down":0.925843,
                "pdf_up":1.00753,
                "scale":1.06485
            },
            "bin_19":{
                "pdf_down":0.925788,
                "pdf_up":1.00651,
                "scale":1.06341
            }
        },
        "rares":{
            "bin_0":{
                "pdf_down":1.04689,
                "pdf_up":0.953105,
                "scale":0.865498
            },
            "bin_1":{
                "pdf_down":1.04559,
                "pdf_up":0.954411,
                "scale":1.1121
            },
            "bin_2":{
                "pdf_down":1.04548,
                "pdf_up":0.954524,
                "scale":0.864941
            },
            "bin_3":{
                "pdf_down":1.04309,
                "pdf_up":0.956906,
                "scale":0.891512
            },
            "bin_4":{
                "pdf_down":1.04357,
                "pdf_up":0.95643,
                "scale":1.13303
            },
            "bin_5":{
                "pdf_down":1.04821,
                "pdf_up":0.951794,
                "scale":0.886811
            },
            "bin_6":{
                "pdf_down":1.04736,
                "pdf_up":0.952641,
                "scale":1.10969
            },
            "bin_7":{
                "pdf_down":1.04507,
                "pdf_up":0.954935,
                "scale":0.902744
            },
            "bin_8":{
                "pdf_down":1.04947,
                "pdf_up":0.95053,
                "scale":0.855063
            },
            "bin_9":{
                "pdf_down":1.04642,
                "pdf_up":0.953582,
                "scale":0.870449
            },
            "bin_10":{
                "pdf_down":1.04546,
                "pdf_up":0.95454,
                "scale":0.869493
            },
            "bin_11":{
                "pdf_down":1.04892,
                "pdf_up":0.951076,
                "scale":1.14151
            },
            "bin_12":{
                "pdf_down":1.04581,
                "pdf_up":0.95419,
                "scale":0.901434
            },
            "bin_13":{
                "pdf_down":1.04735,
                "pdf_up":0.952647,
                "scale":1.14971
            },
            "bin_14":{
                "pdf_down":1.04533,
                "pdf_up":0.954667,
                "scale":1.12847
            },
            "bin_15":{
                "pdf_down":1.03913,
                "pdf_up":0.960871,
                "scale":0.872697
            },
            "bin_16":{
                "pdf_down":1.04414,
                "pdf_up":0.955863,
                "scale":0.879141
            },
            "bin_17":{
                "pdf_down":1.04507,
                "pdf_up":0.954929,
                "scale":1.11667
            },
            "bin_18":{
                "pdf_down":1.04313,
                "pdf_up":0.956873,
                "scale":0.904783
            },
            "bin_19":{
                "pdf_down":1.04847,
                "pdf_up":0.956873,
                "scale":0.887662
            }
        }
    },
    "tuh":{
        "signal_tuh":{
            "bin_0":{
                "pdf_down":0.926692,
                "pdf_up":1.01732,
                "scale":1.04367
            },
            "bin_1":{
                "pdf_down":0.924463,
                "pdf_up":1.01559,
                "scale":1.04007
            },
            "bin_2":{
                "pdf_down":0.927089,
                "pdf_up":1.00878,
                "scale":1.03953
            },
            "bin_3":{
                "pdf_down":0.92698,
                "pdf_up":1.00583,
                "scale":1.03736
            },
            "bin_4":{
                "pdf_down":0.927182,
                "pdf_up":1.00447,
                "scale":1.03938
            },
            "bin_5":{
                "pdf_down":0.927152,
                "pdf_up":1.00495,
                "scale":1.0399
            },
            "bin_6":{
                "pdf_down":0.927138,
                "pdf_up":1.00227,
                "scale":1.03735
            },
            "bin_7":{
                "pdf_down":0.927057,
                "pdf_up":1.00116,
                "scale":1.03709
            },
            "bin_8":{
                "pdf_down":0.927116,
                "pdf_up":1.00243,
                "scale":1.03859
            },
            "bin_9":{
                "pdf_down":0.927004,
                "pdf_up":1.00232,
                "scale":1.03699
            },
            "bin_10":{
                "pdf_down":0.9273,
                "pdf_up":1.00251,
                "scale":1.03722
            },
            "bin_11":{
                "pdf_down":0.927207,
                "pdf_up":1.00291,
                "scale":1.03781
            },
            "bin_12":{
                "pdf_down":0.927168,
                "pdf_up":1.00283,
                "scale":1.03401
            },
            "bin_13":{
                "pdf_down":0.927084,
                "pdf_up":1.00357,
                "scale":1.03617
            },
            "bin_14":{
                "pdf_down":0.92707,
                "pdf_up":1.00318,
                "scale":1.03685
            },
            "bin_15":{
                "pdf_down":0.927067,
                "pdf_up":1.00331,
                "scale":1.03241
            },