{
    "2016":{
        "tch":{
            "bin_0":{
                "fake_syst":4.19468,
                "flip_syst":1.73602
            },
            "bin_1":{
                "fake_syst":3.62523,
                "flip_syst":1.5519
            },
            "bin_2":{
                "fake_syst":3.92193,
                "flip_syst":1.59429
            },
            "bin_3":{
                "fake_syst":3.92573,
                "flip_syst":1.53481
            },
            "bin_4":{
                "fake_syst":4.0719,
                "flip_syst":1.53025
            },
            "bin_5":{
                "fake_syst":3.60215,
                "flip_syst":1.50357
            },
            "bin_6":{
                "fake_syst":3.92821,
                "flip_syst":1.47316
            },
            "bin_7":{
                "fake_syst":3.78161,
                "flip_syst":1.45143
            },
            "bin_8":{
                "fake_syst":3.75622,
                "flip_syst":1.50466
            },
            "bin_9":{
                "fake_syst":4.36773,
                "flip_syst":1.45846
            },
            "bin_10":{
                "fake_syst":5.18647,
                "flip_syst":1.45492
            },
            "bin_11":{
                "fake_syst":4.32658,
                "flip_syst":1.44075
            },
            "bin_12":{
                "fake_syst":5.14482,
                "flip_syst":1.52782
            },
            "bin_13":{
                "fake_syst":6.01807,
                "flip_syst":1.50964
            },
            "bin_14":{
                "fake_syst":4.07091,
                "flip_syst":1.53505
            },
            "bin_15":{
                "fake_syst":4.46037,
                "flip_syst":1.56429
            },
            "bin_16":{
                "fake_syst":6.49022,
                "flip_syst":1.61068
            },
            "bin_17":{
                "fake_syst":5.80799,
                "flip_syst":1.72281
            },
            "bin_18":{
                "fake_syst":6.63403,
                "flip_syst":1.84531
            },
            "bin_19":{
                "fake_syst":8.0075,
                "flip_syst":2.12508
            }
        },
        "tuh":{
            "bin_0":{
                "fake_syst":4.29534,
                "flip_syst":1.73602
            },
            "bin_1":{
                "fake_syst":3.85891,
                "flip_syst":1.5519
            },
            "bin_2":{
                "fake_syst":3.52463,
                "flip_syst":1.59429
            },
            "bin_3":{
                "fake_syst":3.9726,
                "flip_syst":1.53481
            },
            "bin_4":{
                "fake_syst":4.00935,
                "flip_syst":1.53025
            },
            "bin_5":{
                "fake_syst":3.56451,
                "flip_syst":1.50357
            },
            "bin_6":{
                "fake_syst":3.75101,
                "flip_syst":1.47316
            },
            "bin_7":{
                "fake_syst":4.5853,
                "flip_syst":1.45143
            },
            "bin_8":{
                "fake_syst":3.92883,
                "flip_syst":1.50466
            },
            "bin_9":{
                "fake_syst":4.45166,
                "flip_syst":1.45846
            },
            "bin_10":{
                "fake_syst":4.61214,
                "flip_syst":1.45492
            },
            "bin_11":{
                "fake_syst":3.7664,
                "flip_syst":1.44075
            },
            "bin_12":{
                "fake_syst":5.07871,
                "flip_syst":1.52782
            },
            "bin_13":{
                "fake_syst":4.64468,
                "flip_syst":1.50964
            },
            "bin_14":{
                "fake_syst":5.38822,
                "flip_syst":1.53505
            },
            "bin_15":{
                "fake_syst":4.58207,
                "flip_syst":1.56429
            },
            "bin_16":{
                "fake_syst":5.94269,
                "flip_syst":1.61068
            },
            "bin_17":{
                "fake_syst":7.19045,
                "flip_syst":1.72281
            },
            "bin_18":{
                "fake_syst":6.14547,
                "flip_syst":1.84531
            },
            "bin_19":{
                "fake_syst":6.23683,
                "flip_syst":2.12508
            }
        }
    },
    "2017":{
        "tch":{
            "bin_0":{
                "fake_syst":6.09009,
                "flip_syst":3.54497
            },
            "bin_1":{
                "fake_syst":4.99052,
                "flip_syst":3.07645
            },
            "bin_2":{
                "fake_syst":4.9177,
                "flip_syst":2.93325
            },
            "bin_3":{
                "fake_syst":5.40784,
                "flip_syst":2.87904
            },
            "bin_4":{
                "fake_syst":5.63733,
                "flip_syst":2.79435
            },
            "bin_5":{
                "fake_syst":6.20308,
                "flip_syst":2.77675
            },
            "bin_6":{
                "fake_syst":6.22356,
                "flip_syst":2.74101
            },
            "bin_7":{
                "fake_syst":6.97,
                "flip_syst":2.64918
            },
            "bin_8":{
                "fake_syst":6.48863,
                "flip_syst":2.61119
            },
            "bin_9":{
                "fake_syst":7.41234,
                "flip_syst":2.62522
            },
            "bin_10":{
                "fake_syst":8.63541,
                "flip_syst":2.58032
            },
            "bin_11":{
                "fake_syst":8.45511,
                "flip_syst":2.63069
            },
            "bin_12":{
                "fake_syst":8.3861,
                "flip_syst":2.62945
            },
            "bin_13":{
                "fake_syst":9.05831,
                "flip_syst":2.76992
            },
            "bin_14":{
                "fake_syst":8.18529,
                "flip_syst":2.68803
            },
            "bin_15":{
                "fake_syst":9.83474,
                "flip_syst":2.8164
            },
            "bin_16":{
                "fake_syst":9.74182,
                "flip_syst":2.94786
            },
            "bin_17":{
                "fake_syst":10.2231,
                "flip_syst":2.94401
            },
            "bin_18":{
                "fake_syst":13.2545,
                "flip_syst":3.02604
            },
            "bin_19":{
                "fake_syst":12.9413,
                "flip_syst":3.16078
            }
        },
        "tuh":{
            "bin_0":{
                "fake_syst":5.96007,
                "flip_syst":3.54497
            },
            "bin_1":{
                "fake_syst":4.87767,
                "flip_syst":3.07645
            },
            "bin_2":{
                "fake_syst":5.48769,
                "flip_syst":2.93325
            },
            "bin_3":{
                "fake_syst":6.06624,
                "flip_syst":2.87904
            },
            "bin_4":{
                "fake_syst":5.68866,
                "flip_syst":2.79435
            },
            "bin_5":{
                "fake_syst":5.47004,
                "flip_syst":2.77675
            },
            "bin_6":{
                "fake_syst":6.23007,
                "flip_syst":2.74101
            },
            "bin_7":{
                "fake_syst":6.99119,
                "flip_syst":2.64918
            },
            "bin_8":{
                "fake_syst":6.09574,
                "flip_syst":2.61119
            },
            "bin_9":{
                "fake_syst":6.71653,
                "flip_syst":2.62522
            },
            "bin_10":{
                "fake_syst":7.12289,
                "flip_syst":2.58032
            },