{
    "2016": {
        "tch": {
            "l2_j2_b0": {
                "down": 0.9401945816974966, 
                "up": 1.055172337529335
            }, 
            "l2_j2_b1": {
                "down": 0.9401418389083712, 
                "up": 1.0552713253594663
            }, 
            "l2_j2_b2": {
                "down": 0.9401206361566028, 
                "up": 1.0550739022576423
            }, 
            "l2_j3_b0": {
                "down": 0.9401796495373497, 
                "up": 1.0550508479032803
            }, 
            "l2_j3_b1": {
                "down": 0.940205698755707, 
                "up": 1.0550505765692222
            }, 
            "l2_j3_b2": {
                "down": 0.9400627914295819, 
                "up": 1.0551071364453228
            }, 
            "l2_j4_b0": {
                "down": 0.93987284305162, 
                "up": 1.055242697653537
            }, 
            "l2_j4_b1": {
                "down": 0.939908552686061, 
                "up": 1.0552153750502276
            }, 
            "l2_j4_b2": {
                "down": 0.9397295147486191, 
                "up": 1.0553573663700662
            }, 
            "l3_j1_b0": {
                "down": 0.9397507111258545, 
                "up": 1.0558371851000248
            }, 
            "l3_j1_b1": {
                "down": 0.9384511623283066, 
                "up": 1.0574565977344352
            }, 
            "l3_j1_b2": {
                "down": 0.9401928119210085, 
                "up": 1.055176118134665
            }, 
            "l3_j2_b0": {
                "down": 0.9402225828028081, 
                "up": 1.0550714918466702
            }, 
            "l3_j2_b1": {
                "down": 0.9402232025467658, 
                "up": 1.0550803554218464
            }, 
            "l3_j2_b2": {
                "down": 0.9400713760718714, 
                "up": 1.0551018214719636
            }, 
            "l3_j3_b0": {
                "down": 0.9401195691806107, 
                "up": 1.0550744490139108
            }, 
            "l3_j3_b1": {
                "down": 0.9401493107076893, 
                "up": 1.0550605890031886
            }, 
            "l3_j3_b2": {
                "down": 0.9397632898455031, 
                "up": 1.0553297451937702
            }, 
            "l3_j4_b0": {
                "down": 0.939619383345818, 
                "up": 1.0554493943529328
            }, 
            "l3_j4_b1": {
                "down": 0.9397155648321989, 
                "up": 1.0553688647691153
            }, 
            "l3_j4_b2": {
                "down": 0.9395883410258681, 
                "up": 1.0554757962654833
            }
        }, 
        "tuh": {
            "l2_j2_b0": {
                "down": 0.9177158479736467, 
                "up": 1.0801172887781836
            }, 
            "l2_j2_b1": {
                "down": 0.9113576491515777, 
                "up": 1.0867840670309843
            }, 
            "l2_j2_b2": {
                "down": 0.901400879950431, 
                "up": 1.0971170254112674
            }, 
            "l2_j3_b0": {
                "down": 0.928491438434322, 
                "up": 1.0686179573687407
            }, 
            "l2_j3_b1": {
                "down": 0.9264985760325011, 
                "up": 1.0707710176842242
            }, 
            "l2_j3_b2": {
                "down": 0.9211725281324121, 
                "up": 1.0764618063585178
            }, 
            "l2_j4_b0": {
                "down": 0.9379358355073466, 
                "up": 1.0580690949315146
            }, 
            "l2_j4_b1": {
                "down": 0.9367420199123005, 
                "up": 1.0594590854886632
            }, 
            "l2_j4_b2": {
                "down": 0.9372339432219144, 
                "up": 1.0588902709648025
            }, 
            "l3_j1_b0": {
                "down": 0.9047563168153817, 
                "up": 1.0936466893558123
            }, 
            "l3_j1_b1": {
                "down": 0.8853070108627259, 
                "up": 1.1136417425067027
            }, 
            "l3_j1_b2": {
                "down": 0.8971423626195894, 
                "up": 1.1015070949112813
            }, 
            "l3_j2_b0": {
                "down": 0.9283874320925061, 
                "up": 1.0687307136782076
            }, 
            "l3_j2_b1": {
                "down": 0.9222327833384564, 
                "up": 1.0753351745169484
            }, 
            "l3_j2_b2": {
                "down": 0.9100601589608164, 
                "up": 1.0881370929376717
            }, 
            "l3_j3_b0": {
                "down": 0.9309767371911762, 
                "up": 1.0659087347621772
            }, 
            "l3_j3_b1": {
                "down": 0.9309889349390855, 
                "up": 1.065895360678286
            }, 
            "l3_j3_b2": {
                "down": 0.9302378631273239, 
                "up": 1.0667173612323775
            }, 
            "l3_j4_b0": {
                "down": 0.938448131315382, 
                "up": 1.0574602305046354
            }, 
            "l3_j4_b1": {
                "down": 0.9380754719714783, 
                "up": 1.0579040664473278
            }, 
            "l3_j4_b2": {
                "down": 0.9378303126316451, 
                "up": 1.0581934009580918
            }
        }
    }, 
    "2017": {
        "tch": {
            "l2_j2_b0": {
                "down": 0.9402044349183948, 
                "up": 1.0551500133479272
            }, 
            "l2_j2_b1": {
                "down": 0.9401507602114505, 
                "up": 1.0552558753593404
            }, 
            "l2_j2_b2": {
                "down": 0.9401084407876601, 
                "up": 1.0550803290641746
            }, 
            "l2_j3_b0": {
                "down": 0.940208818510646, 
                "up": 1.055051717821387
            }, 
            "l2_j3_b1": {
                "down": 0.9402026440125943, 
                "up": 1.0550498345637547
            }, 
            "l2_j3_b2": {
                "down": 0.9400237032078778, 
                "up": 1.055132556101033
            }, 
            "l2_j4_b0": {
                "down": 0.9399931570354839, 
                "up": 1.0551535493811572
            }, 
            "l2_j4_b1": {
                "down": 0.9400263204934972, 
                "up": 1.05513079911941
            }, 
            "l2_j4_b2": {
                "down": 0.9398401261297744, 
                "up": 1.0552682300143597
            }, 
            "l3_j1_b0": {
                "down": 0.9399073320757214, 
                "up": 1.055623787721558
            }, 
            "l3_j1_b1": {
                "down": 0.9385124940411932, 
                "up": 1.0573830016357888
            }, 
            "l3_j1_b2": {
                "down": 0.9399687848205409, 
                "up": 1.0551708657767116
            }, 
            "l3_j2_b0": {
                "down": 0.9402230123703926, 
                "up": 1.0550851525345877
            }, 
            "l3_j2_b1": {
                "down": 0.9401860130387544, 
                "up": 1.0551901764364187
            }, 
            "l3_j2_b2": {
                "down": 0.9400911546247642, 
                "up": 1.055090027836709
            }, 
            "l3_j3_b0": {
                "down": 0.9401413931679564, 
                "up": 1.0550639651521285
            }, 
            "l3_j3_b1": {
                "down": 0.9401207370236482, 
                "up": 1.055073850732913
            }, 
            "l3_j3_b2": {
                "down": 0.9398845829780638, 
                "up": 1.0552336481926972
            }, 
            "l3_j4_b0": {
                "down": 0.9399468197158132, 
                "up": 1.0551868383944463
            }, 
            "l3_j4_b1": {
                "down": 0.9399272862206586,