{
    "2016": {
        "l2_j2_b0": {
            "down": 0.9106579520857337,
            "up": 1.0893420479142664
        },
        "l2_j2_b1": {
            "down": 0.9068967101599299,
            "up": 1.09310328984007
        },
        "l2_j2_b2": {
            "down": 0.8876975641223922,
            "up": 1.1123024358776077
        },
        "l2_j3_b0": {
            "down": 0.9115416399778535,
            "up": 1.0884583600221465
        },
        "l2_j3_b1": {
            "down": 0.9019360610055033,
            "up": 1.0980639389944966
        },
        "l2_j3_b2": {
            "down": 0.8883437892679781,
            "up": 1.111656210732022
        },
        "l2_j4_b0": {
            "down": 0.9098941685142434,
            "up": 1.0901058314857566
        },
        "l2_j4_b1": {
            "down": 0.8903466862924149,
            "up": 1.109653313707585
        },
        "l2_j4_b2": {
            "down": 0.8786409084496839,
            "up": 1.1213590915503162
        },
        "l3_j1_b0": {
            "down": 0.8976788234151201,
            "up": 1.10232117658488
        },
        "l3_j1_b1": {
            "down": 0.8947926164488467,
            "up": 1.1052073835511533
        },
        "l3_j1_b2": {
            "down": 0.8962189594421517,
            "up": 1.1037810405578483
        },
        "l3_j2_b0": {
            "down": 0.9044484315015696,
            "up": 1.0955515684984303
        },
        "l3_j2_b1": {
            "down": 0.8975009632335604,
            "up": 1.1024990367664396
        },
        "l3_j2_b2": {
            "down": 0.884662450676831,
            "up": 1.115337549323169
        },
        "l3_j3_b0": {
            "down": 0.8969508006092937,
            "up": 1.1030491993907063
        },
        "l3_j3_b1": {
            "down": 0.8825920507387508,
            "up": 1.1174079492612492
        },
        "l3_j3_b2": {
            "down": 0.8794924015618686,
            "up": 1.1205075984381314
        },
        "l3_j4_b0": {
            "down": 0.9192729623507039,
            "up": 1.0807270376492961
        },
        "l3_j4_b1": {
            "down": 0.8815017820748755,
            "up": 1.1184982179251244
        },
        "l3_j4_b2": {
            "down": 0.8634937573845155,
            "up": 1.1365062426154846
        }
    },
    "2017": {
        "l2_j2_b0": {
            "down": 0.9154677422143647,
            "up": 1.0845322577856353
        },
        "l2_j2_b1": {
            "down": 0.9112835471369934,
            "up": 1.0887164528630067
        },
        "l2_j2_b2": {
            "down": 0.8868931466742462,
            "up": 1.1131068533257538
        },
        "l2_j3_b0": {
            "down": 0.9178790708198046,
            "up": 1.0821209291801952
        },
        "l2_j3_b1": {
            "down": 0.9045624916650125,
            "up": 1.0954375083349874
        },
        "l2_j3_b2": {
            "down": 0.8890749317028176,
            "up": 1.1109250682971823
        },
        "l2_j4_b0": {
            "down": 0.8955903195585989,
            "up": 1.104409680441401
        },
        "l2_j4_b1": {
            "down": 0.8894404192463394,
            "up": 1.1105595807536603
        },
        "l2_j4_b2": {
            "down": 0.8784030121613353,
            "up": 1.1215969878386647
        },
        "l3_j1_b0": {
            "down": 0.8918330219270537,
            "up": 1.1081669780729464
        },
        "l3_j1_b1": {
            "down": 0.8972068111096058,
            "up": 1.1027931888903943
        },
        "l3_j1_b2": {
            "down": 0.9005456891965892,
            "up": 1.099454310803411
        },
        "l3_j2_b0": {
            "down": 0.9017812158046984,
            "up": 1.0982187841953015
        },
        "l3_j2_b1": {
            "down": 0.8930158160210396,
            "up": 1.1069841839789605
        },
        "l3_j2_b2": {
            "down": 0.8930713582047913,
            "up": 1.1069286417952084
        },
        "l3_j3_b0": {
            "down": 0.9131008792752857,
            "up": 1.0868991207247143
        },
        "l3_j3_b1": {
            "down": 0.8871688492949503,
            "up": 1.1128311507050495
        },
        "l3_j3_b2": {
            "down": 0.8808439612026668,
            "up": 1.1191560387973332
        },
        "l3_j4_b0": {
            "down": 0.8915846616436642,
            "up": 1.1084153383563358
        },
        "l3_j4_b1": {
            "down": 0.8628048067527831,
            "up": 1.137195193247217
        },
        "l3_j4_b2": {
            "down": 0.8544022147449907,
            "up": 1.1455977852550094
        }
    },
    "2018": {
        "l2_j2_b0": {
            "down": 0.8876709032065992,
            "up": 1.112329096793401
        },
        "l2_j2_b1": {
            "down": 0.8960156733386291,
            "up": 1.1039843266613707
        },
        "l2_j2_b2": {
            "down": 0.8866115465238177,
            "up": 1.1133884534761822
        },
        "l2_j3_b0": {
            "down": 0.9057065865286132,
            "up": 1.0942934134713869
        },
        "l2_j3_b1": {
            "down": 0.9015494389578946,
            "up": 1.0984505610421054
        },
        "l2_j3_b2": {
            "down": 0.8899025474995789,
            "up": 1.110097452500421
        },
        "l2_j4_b0": {
            "down": 0.9035693451156033,
            "up": 1.096430654884397
        },
        "l2_j4_b1": {
            "down": 0.8880974357511647,
            "up": 1.1119025642488352
        },
        "l2_j4_b2": {
            "down": 0.8792559973215153,
            "up": 1.1207440026784847
        },
        "l3_j1_b0": {
            "down": 0.8931207568753272,
            "up": 1.1068792431246728
        },
        "l3_j1_b1": {
            "down": 0.8960318050071738,
            "up": 1.1039681949928262
        },
        "l3_j1_b2": {
            "down": 0.893630917155035,
            "up": 1.106369082844965
        },
        "l3_j2_b0": {
            "down": 0.9044036678262108,
            "up": 1.0955963321737892
        },
        "l3_j2_b1": {
            "down": 0.9046116183444535,
            "up": 1.0953883816555465
        },
        "l3_j2_b2": {
            "down": 0.8915865967513353,
            "up": 1.1084134032486648
        },
        "l3_j3_b0": {
            "down": 0.9061139746577818,
            "up": 1.0938860253422182
        },
        "l3_j3_b1": {
            "down": 0.8901085762234242,
            "up": 1.1098914237765758
        },
        "l3_j3_b2": {
            "down": 0.8865919559488457,
            "up": 1.1134080440511545
        },
        "l3_j4_b0": {
            "down": 0.8926505030086564,
            "up": 1.1073494969913436
        },
        "l3_j4_b1": {
            "down": 0.8661035927493942,
            "up": 1.133896407250606
        },
        "l3_j4_b2": {
            "down": 0.8581399743803891,
            "up": 1.1418600256196108
        }
    }
}