{
    "2016": {
        "l2_j2_b0": {
            "down": 0.9204556059886818,
            "up": 1.0795443940113183
        },
        "l2_j2_b1": {
            "down": 0.914524486024725,
            "up": 1.0854755139752752
        },
        "l2_j2_b2": {
            "down": 0.9007246048241593,
            "up": 1.099275395175841
        },
        "l2_j3_b0": {
            "down": 0.9172192931192815,
            "up": 1.0827807068807185
        },
        "l2_j3_b1": {
            "down": 0.9120663990101292,
            "up": 1.0879336009898708
        },
        "l2_j3_b2": {
            "down": 0.9019826173055021,
            "up": 1.098017382694498
        },
        "l2_j4_b0": {
            "down": 0.9130451547847661,
            "up": 1.086954845215234
        },
        "l2_j4_b1": {
            "down": 0.8992831932661285,
            "up": 1.1007168067338717
        },
        "l2_j4_b2": {
            "down": 0.8870815708361456,
            "up": 1.1129184291638543
        },
        "l3_j1_b0": {
            "down": 0.9144386482498342,
            "up": 1.0855613517501659
        },
        "l3_j1_b1": {
            "down": 0.9023811447178907,
            "up": 1.0976188552821096
        },
        "l3_j1_b2": {
            "down": 0.9097808533086736,
            "up": 1.0902191466913265
        },
        "l3_j2_b0": {
            "down": 0.9220181895386134,
            "up": 1.0779818104613865
        },
        "l3_j2_b1": {
            "down": 0.9069850793196206,
            "up": 1.0930149206803794
        },
        "l3_j2_b2": {
            "down": 0.8948704791863975,
            "up": 1.1051295208136027
        },
        "l3_j3_b0": {
            "down": 0.9069884733502789,
            "up": 1.093011526649721
        },
        "l3_j3_b1": {
            "down": 0.8901883747547826,
            "up": 1.1098116252452173
        },
        "l3_j3_b2": {
            "down": 0.888101597037706,
            "up": 1.111898402962294
        },
        "l3_j4_b0": {
            "down": 0.934749384597552,
            "up": 1.0652506154024481
        },
        "l3_j4_b1": {
            "down": 0.8912968810391418,
            "up": 1.108703118960858
        },
        "l3_j4_b2": {
            "down": 0.8704046600067414,
            "up": 1.1295953399932588
        }
    },
    "2017": {
        "l2_j2_b0": {
            "down": 0.9268158618882809,
            "up": 1.073184138111719
        },
        "l2_j2_b1": {
            "down": 0.9204834867085878,
            "up": 1.0795165132914124
        },
        "l2_j2_b2": {
            "down": 0.8989973852281526,
            "up": 1.1010026147718472
        },
        "l2_j3_b0": {
            "down": 0.9257646828155441,
            "up": 1.0742353171844556
        },
        "l2_j3_b1": {
            "down": 0.9160492103655113,
            "up": 1.0839507896344889
        },
        "l2_j3_b2": {
            "down": 0.9043387794249231,
            "up": 1.0956612205750769
        },
        "l2_j4_b0": {
            "down": 0.8982811134367131,
            "up": 1.1017188865632868
        },
        "l2_j4_b1": {
            "down": 0.8980116817635486,
            "up": 1.1019883182364514
        },
        "l2_j4_b2": {
            "down": 0.8870277825382075,
            "up": 1.1129722174617926
        },
        "l3_j1_b0": {
            "down": 0.9060480082529041,
            "up": 1.093951991747096
        },
        "l3_j1_b1": {
            "down": 0.9053644120422238,
            "up": 1.0946355879577763
        },
        "l3_j1_b2": {
            "down": 0.9132118282202795,
            "up": 1.0867881717797205
        },
        "l3_j2_b0": {
            "down": 0.9185869153134406,
            "up": 1.0814130846865595
        },
        "l3_j2_b1": {
            "down": 0.9006894920254456,
            "up": 1.0993105079745544
        },
        "l3_j2_b2": {
            "down": 0.9085871746444447,
            "up": 1.0914128253555553
        },
        "l3_j3_b0": {
            "down": 0.9332934678646303,
            "up": 1.0667065321353697
        },
        "l3_j3_b1": {
            "down": 0.8959142487938199,
            "up": 1.10408575120618
        },
        "l3_j3_b2": {
            "down": 0.8893591375991656,
            "up": 1.1106408624008344
        },
        "l3_j4_b0": {
            "down": 0.8990831540051564,
            "up": 1.1009168459948437
        },
        "l3_j4_b1": {
            "down": 0.8693321721038861,
            "up": 1.130667827896114
        },
        "l3_j4_b2": {
            "down": 0.8600373970925702,
            "up": 1.13996260290743
        }
    },
    "2018": {
        "l2_j2_b0": {
            "down": 0.8930305156607224,
            "up": 1.1069694843392777
        },
        "l2_j2_b1": {
            "down": 0.9013047430439747,
            "up": 1.098695256956025
        },
        "l2_j2_b2": {
            "down": 0.8998248717721364,
            "up": 1.1001751282278636
        },
        "l2_j3_b0": {
            "down": 0.9109138701491365,
            "up": 1.0890861298508636
        },
        "l2_j3_b1": {
            "down": 0.9116943298817204,
            "up": 1.0883056701182796
        },
        "l2_j3_b2": {
            "down": 0.906813719211779,
            "up": 1.093186280788221
        },
        "l2_j4_b0": {
            "down": 0.9069800601607485,
            "up": 1.0930199398392515
        },
        "l2_j4_b1": {
            "down": 0.8965755012678025,
            "up": 1.1034244987321975
        },
        "l2_j4_b2": {
            "down": 0.8880858844047639,
            "up": 1.1119141155952361
        },
        "l3_j1_b0": {
            "down": 0.9080073358225202,
            "up": 1.0919926641774795
        },
        "l3_j1_b1": {
            "down": 0.9035646181209058,
            "up": 1.0964353818790942
        },
        "l3_j1_b2": {
            "down": 0.9090424342638338,
            "up": 1.0909575657361663
        },
        "l3_j2_b0": {
            "down": 0.9232285343209377,
            "up": 1.0767714656790623
        },
        "l3_j2_b1": {
            "down": 0.9154896644118498,
            "up": 1.0845103355881505
        },
        "l3_j2_b2": {
            "down": 0.9061895098559235,
            "up": 1.0938104901440768
        },
        "l3_j3_b0": {
            "down": 0.9219624354958307,
            "up": 1.0780375645041693
        },
        "l3_j3_b1": {
            "down": 0.8991090220175352,
            "up": 1.1008909779824647
        },
        "l3_j3_b2": {
            "down": 0.8967304207656843,
            "up": 1.1032695792343157
        },
        "l3_j4_b0": {
            "down": 0.9008806325770363,
            "up": 1.0991193674229636
        },
        "l3_j4_b1": {
            "down": 0.8724815084429123,
            "up": 1.1275184915570877
        },
        "l3_j4_b2": {
            "down": 0.8641357648140315,
            "up": 1.1358642351859685
        }
    }
}