{
    "2016": {
        "fakes_mc": {
            "l2_j2_b0": {
                "yield": 1439.0,
                "error": 37.93415347678132,
                "syst": 4.46067
            },
            "l2_j3_b0": {
                "yield": 778.0,
                "error": 27.892651361962706,
                "syst": 5.62097
            },
            "l2_j4_b0": {
                "yield": 442.0,
                "error": 21.02379604162864,
                "syst": 6.07675
            },
            "l2_j2_b1": {
                "yield": 1338.0,
                "error": 36.578682316343766,
                "syst": 4.76551
            },
            "l2_j3_b1": {
                "yield": 1224.0,
                "error": 34.9857113690718,
                "syst": 4.84993
            },
            "l2_j4_b1": {
                "yield": 881.0,
                "error": 29.68164415931166,
                "syst": 5.59812
            },
            "l2_j2_b2": {
                "yield": 104.0,
                "error": 10.198039027185569,
                "syst": 5.03131
            },
            "l2_j3_b2": {
                "yield": 163.0,
                "error": 12.767145334803704,
                "syst": 5.98169
            },
            "l2_j4_b2": {
                "yield": 236.0,
                "error": 15.362291495737216,
                "syst": 6.29573
            },
            "l3_j1_b0": {
                "yield": 305.0,
                "error": 17.46424919657298,
                "syst": 6.79787
            },
            "l3_j2_b0": {
                "yield": 167.0,
                "error": 12.922847983320086,
                "syst": 6.70704
            },
            "l3_j3_b0": {
                "yield": 51.0,
                "error": 7.14142842854285,
                "syst": 9.27242
            },
            "l3_j4_b0": {
                "yield": 26.0,
                "error": 5.0990195135927845,
                "syst": 8.82801
            },
            "l3_j1_b1": {
                "yield": 405.0,
                "error": 20.12461179749811,
                "syst": 6.49155
            },
            "l3_j2_b1": {
                "yield": 241.0,
                "error": 15.524174696260024,
                "syst": 5.32922
            },
            "l3_j3_b1": {
                "yield": 85.0,
                "error": 9.219544457292887,
                "syst": 8.69589
            },
            "l3_j4_b1": {
                "yield": 50.0,
                "error": 7.0710678118654755,
                "syst": 6.4532
            },
            "l3_j1_b2": {
                "yield": 7.0,
                "error": 2.6457513110645907,
                "syst": 8.72948
            },
            "l3_j2_b2": {
                "yield": 15.0,
                "error": 3.872983346207417,
                "syst": 5.47438
            },
            "l3_j3_b2": {
                "yield": 17.0,
                "error": 4.123105625617661,
                "syst": 7.82636
            },
            "l3_j4_b2": {
                "yield": 11.0,
                "error": 3.3166247903554,
                "syst": 19.5941
            }
        },
        "flips_mc": {
            "l2_j2_b0": {
                "yield": 129810.0,
                "error": 360.29154861028866,
                "syst": 1.27
            },
            "l2_j3_b0": {
                "yield": 38841.0,
                "error": 197.0812015388581,
                "syst": 1.51
            },
            "l2_j4_b0": {
                "yield": 15103.0,
                "error": 122.89426349508751,
                "syst": 1.82
            },
            "l2_j2_b1": {
                "yield": 78160.0,
                "error": 279.5711000801048,
                "syst": 1.06
            },
            "l2_j3_b1": {
                "yield": 37247.0,
                "error": 192.99481858329773,
                "syst": 1.16
            },
            "l2_j4_b1": {
                "yield": 19885.0,
                "error": 141.01418368376991,
                "syst": 1.28
            },
            "l2_j2_b2": {
                "yield": 51315.0,
                "error": 226.5281439468394,
                "syst": 1.08
            },
            "l2_j3_b2": {
                "yield": 32894.0,
                "error": 181.36703118262702,
                "syst": 2.53
            },
            "l2_j4_b2": {
                "yield": 21546.0,
                "error": 146.78555787270082,
                "syst": 1.24
            },
            "l3_j1_b0": {
                "yield": 0.0,
                "error": 0.0,
                "syst": 0
            },
            "l3_j2_b0": {
                "yield": 0.0,
                "error": 0.0,
                "syst": 0
            },
            "l3_j3_b0": {
                "yield": 0.0,
                "error": 0.0,
                "syst": 0
            },
            "l3_j4_b0": {
                "yield": 0.0,
                "error": 0.0,
                "syst": 0
            },
            "l3_j1_b1": {
                "yield": 0.0,
                "error": 0.0,
                "syst": 0
            },
            "l3_j2_b1": {
                "yield": 0.0,
                "error": 0.0,
                "syst": 0
            },
            "l3_j3_b1": {
                "yield": 0.0,
                "error": 0.0,
                "syst": 0
            },
            "l3_j4_b1": {
                "yield": 0.0,
                "error": 0.0,
                "syst": 0
            },
            "l3_j1_b2": {
                "yield": 0.0,
                "error": 0.0,
                "syst": 0
            },
            "l3_j2_b2": {
                "yield": 0.0,
                "error": 0.0,
                "syst": 0
            },
            "l3_j3_b2": {
                "yield": 0.0,
                "error": 0.0,
                "syst": 0
            },
            "l3_j4_b2": {
                "yield": 0.0,
                "error": 0.0,
                "syst": 0
            }
        }
    },
    "2017": {
        "fakes_mc": {
            "l2_j2_b0": {
                "yield": 1954.0,
                "error": 44.204072210600685,
                "syst": 6.63146
            },
            "l2_j3_b0": {
                "yield": 1131.0,
                "error": 33.63034344160047,
                "syst": 7.24731
            },
            "l2_j4_b0": {
                "yield": 598.0,
                "error": 24.454038521274967,
                "syst": 9.42543
            },
            "l2_j2_b1": {
                "yield": 2147.0,
                "error": 46.33573135281238,
                "syst": 8.08039
            },
            "l2_j3_b1": {
                "yield": 1883.0,
                "error": 43.393547907494266,
                "syst": 7.56606
            },
            "l2_j4_b1": {
                "yield": 1330.0,
                "error": 36.46916505762094,
                "syst": 9.85621
            },
            "l2_j2_b2": {
                "yield": 204.0,
                "error": 14.2828568570857,
                "syst": 7.74266
            },
            "l2_j3_b2": {
                "yield": 276.0,
                "error": 16.61324772583615,
                "syst": 7.26889
            },
            "l2_j4_b2": {
                "yield": 407.0,
                "error": 20.174241001832016,
                "syst": 8.45383
            },
            "l3_j1_b0": {
                "yield": 326.0,
                "error": 18.05547008526779,
                "syst": 6.98604
            },
            "l3_j2_b0": {
                "yield": 159.0,
                "error": 12.609520212918492,
                "syst": 9.96351
            },
            "l3_j3_b0": {
                "yield": 62.0,
                "error": 7.874007874011811,
                "syst": 10.7108
            },
            "l3_j4_b0": {
                "yield": 40.0,