{
    "2018": {
        "fakes_mc": {
            "l2_j2_b0": {
                "yield": 2403.0,
                "error": 49.02040391510457,
                "syst": 7.71618
            },
            "l2_j3_b0": {
                "yield": 1229.0,
                "error": 35.05709628591621,
                "syst": 7.72384
            },
            "l2_j4_b0": {
                "yield": 690.0,
                "error": 26.267851073127396,
                "syst": 7.31554
            },
            "l2_j2_b1": {
                "yield": 2805.0,
                "error": 52.96225070746144,
                "syst": 8.71154
            },
            "l2_j3_b1": {
                "yield": 2299.0,
                "error": 47.94788837894741,
                "syst": 9.50327
            },
            "l2_j4_b1": {
                "yield": 1668.0,
                "error": 40.84115571332428,
                "syst": 10.0837
            },
            "l2_j2_b2": {
                "yield": 266.0,
                "error": 16.30950643030009,
                "syst": 7.85155
            },
            "l2_j3_b2": {
                "yield": 402.0,
                "error": 20.049937655763422,
                "syst": 7.64877
            },
            "l2_j4_b2": {
                "yield": 570.0,
                "error": 23.874672772626646,
                "syst": 8.39966
            },
            "l3_j1_b0": {
                "yield": 491.0,
                "error": 22.15851980616034,
                "syst": 7.96532
            },
            "l3_j2_b0": {
                "yield": 208.0,
                "error": 14.422205101855956,
                "syst": 10.14
            },
            "l3_j3_b0": {
                "yield": 80.0,
                "error": 8.94427190999916,
                "syst": 14.7398
            },
            "l3_j4_b0": {
                "yield": 23.0,
                "error": 4.795831523312719,
                "syst": 21.8245
            },
            "l3_j1_b1": {
                "yield": 786.0,
                "error": 28.035691537752374,
                "syst": 9.96087
            },
            "l3_j2_b1": {
                "yield": 467.0,
                "error": 21.61018278497431,
                "syst": 10.1111
            },
            "l3_j3_b1": {
                "yield": 163.0,
                "error": 12.767145334803704,
                "syst": 10.4591
            },
            "l3_j4_b1": {
                "yield": 86.0,
                "error": 9.273618495495704,
                "syst": 13.9245
            },
            "l3_j1_b2": {
                "yield": 13.0,
                "error": 3.605551275463989,
                "syst": 16.6508
            },
            "l3_j2_b2": {
                "yield": 54.0,
                "error": 7.3484692283495345,
                "syst": 10.7022
            },
            "l3_j3_b2": {
                "yield": 51.0,
                "error": 7.14142842854285,
                "syst": 13.3193
            },
            "l3_j4_b2": {
                "yield": 33.0,
                "error": 5.744562646538029,
                "syst": 11.5897
            }
        },
        "flips_mc": {
            "l2_j2_b0": {
                "yield": 291058.0,
                "error": 539.4979147318365,
                "syst": 1.72
            },
            "l2_j3_b0": {
                "yield": 77227.0,
                "error": 277.89746310464943,
                "syst": 1.97
            },
            "l2_j4_b0": {
                "yield": 26716.0,
                "error": 163.45029825607537,
                "syst": 2.14
            },
            "l2_j2_b1": {
                "yield": 135452.0,
                "error": 368.03804151201547,
                "syst": 1.49
            },
            "l2_j3_b1": {
                "yield": 59900.0,
                "error": 244.74476501040834,
                "syst": 1.59
            },
            "l2_j4_b1": {
                "yield": 30017.0,
                "error": 173.25414857947845,
                "syst": 2.99
            },
            "l2_j2_b2": {
                "yield": 94235.0,
                "error": 306.9771978502638,
                "syst": 1.56
            },
            "l2_j3_b2": {
                "yield": 60487.0,
                "error": 245.94104984731607,
                "syst": 1.6
            },
            "l2_j4_b2": {
                "yield": 39070.0,
                "error": 197.66132651583618,
                "syst": 1.71
            },
            "l3_j1_b0": {
                "yield": 0.0,
                "error": 0.0,
                "syst": 0
            },
            "l3_j2_b0": {
                "yield": 0.0,
                "error": 0.0,
                "syst": 0
            },
            "l3_j3_b0": {
                "yield": 0.0,
                "error": 0.0,
                "syst": 0
            },
            "l3_j4_b0": {
                "yield": 0.0,
                "error": 0.0,
                "syst": 0
            },
            "l3_j1_b1": {
                "yield": 0.0,
                "error": 0.0,
                "syst": 0
            },
            "l3_j2_b1": {
                "yield": 0.0,
                "error": 0.0,
                "syst": 0
            },
            "l3_j3_b1": {
                "yield": 0.0,
                "error": 0.0,
                "syst": 0
            },
            "l3_j4_b1": {
                "yield": 0.0,
                "error": 0.0,
                "syst": 0
            },
            "l3_j1_b2": {
                "yield": 0.0,
                "error": 0.0,
                "syst": 0
            },
            "l3_j2_b2": {
                "yield": 0.0,
                "error": 0.0,
                "syst": 0
            },
            "l3_j3_b2": {
                "yield": 0.0,
                "error": 0.0,
                "syst": 0
            },
            "l3_j4_b2": {
                "yield": 0.0,
                "error": 0.0,
                "syst": 0
            }
        }
    }
}