{
    "2016":{
        "fakes_mc":{
            "l2_j2_b0":{
                "yield":1507,
                "error":3.50365,
                "syst":4.46067
            },
            "l2_j3_b0":{
                "yield":757,
                "error":4.99353,
                "syst":5.62097
            },
            "l2_j4_b0":{
                "yield":439,
                "error":6.52687,
                "syst":6.07675
            },
            "l2_j2_b1":{
                "yield":1342,
                "error":3.60495,
                "syst":4.76551
            },
            "l2_j3_b1":{
                "yield":1162,
                "error":3.88372,
                "syst":4.84993
            },
            "l2_j4_b1":{
                "yield":847,
                "error":4.56676,
                "syst":5.59812
            },
            "l2_j2_b2":{
                "yield":104,
                "error":13.1561,
                "syst":5.03131
            },
            "l2_j3_b2":{
                "yield":155,
                "error":10.5987,
                "syst":5.98169
            },
            "l2_j4_b2":{
                "yield":222,
                "error":8.83165,
                "syst":6.29573
            },
            "l3_j1_b0":{
                "yield":282,
                "error":8.31807,
                "syst":6.79787
            },
            "l3_j2_b0":{
                "yield":167,
                "error":10.6145,
                "syst":6.70704
            },
            "l3_j3_b0":{
                "yield":46,
                "error":17.0339,
                "syst":9.27242
            },
            "l3_j4_b0":{
                "yield":22,
                "error":29.254,
                "syst":8.82801
            },
            "l3_j1_b1":{
                "yield":376,
                "error":7.11159,
                "syst":6.49155
            },
            "l3_j2_b1":{
                "yield":210,
                "error":9.03126,
                "syst":5.32922
            },
            "l3_j3_b1":{
                "yield":80,
                "error":16.6831,
                "syst":8.69589
            },
            "l3_j4_b1":{
                "yield":48,
                "error":19.3909,
                "syst":6.4532
            },
            "l3_j1_b2":{
                "yield":5,
                "error":53.7054,
                "syst":8.72948
            },
            "l3_j2_b2":{
                "yield":15,
                "error":33.4056,
                "syst":5.47438
            },
            "l3_j3_b2":{
                "yield":15,
                "error":31.4495,
                "syst":7.82636
            },
            "l3_j4_b2":{
                "yield":8,
                "error":66.0103,
                "syst":19.5941
            }
        },
        "flips_mc":{
            "l2_j2_b0":{
                "yield":,
                "error":,
                "syst":
            },
            "l2_j3_b0":{
                "yield":,
                "error":,
                "syst":
            },
            "l2_j4_b0":{
                "yield":,
                "error":,
                "syst":
            },
            "l2_j2_b1":{
                "yield":,
                "error":,
                "syst":
            },
            "l2_j3_b1":{
                "yield":,
                "error":,
                "syst":
            },
            "l2_j4_b1":{
                "yield":,
                "error":,
                "syst":
            },
            "l2_j2_b2":{
                "yield":,
                "error":,
                "syst":
            },
            "l2_j3_b2":{
                "yield":,
                "error":,
                "syst":
            },
            "l2_j4_b2":{
                "yield":,
                "error":,
                "syst":
            },
            "l3_j1_b0":{
                "yield":0,
                "error":0,
                "syst":0
            },
            "l3_j2_b0":{
                "yield":0,
                "error":0,
                "syst":0
            },
            "l3_j3_b0":{
                "yield":0,
                "error":0,
                "syst":0
            },
            "l3_j4_b0":{
                "yield":0,
                "error":0,
                "syst":0
            },
            "l3_j1_b1":{
                "yield":0,
                "error":0,
                "syst":0
            },
            "l3_j2_b1":{
                "yield":0,
                "error":0,
                "syst":0
            },
            "l3_j3_b1":{
                "yield":0,
                "error":0,
                "syst":0
            },
            "l3_j4_b1":{
                "yield":0,
                "error":0,
                "syst":0
            },
            "l3_j1_b2":{
                "yield":0,
                "error":0,
                "syst":0
            },
            "l3_j2_b2":{
                "yield":0,
                "error":0,
                "syst":0
            },
            "l3_j3_b2":{
                "yield":0,
                "error":0,
                "syst":0
            },
            "l3_j4_b2":{
                "yield":0,
                "error":0,
                "syst":0
            }
        }
    },
    "2017":{
        "fakes_mc":{
            "l2_j2_b0":{
                "yield":2304,
                "error":3.33519,
                "syst":6.63146
            },
            "l2_j3_b0":{
                "yield":1191,
                "error":4.41385,
                "syst":7.24731
            },
            "l2_j4_b0":{
                "yield":629,
                "error":6.08993,
                "syst":9.42543
            },
            "l2_j2_b1":{
                "yield":2282,
                "error":3.11701,
                "syst":8.08039
            },
            "l2_j3_b1":{
                "yield":1908,
                "error":3.30036,
                "syst":7.56606
            },
            "l2_j4_b1":{
                "yield":1302,
                "error":4.05022,
                "syst":9.85621
            },
            "l2_j2_b2":{
                "yield":222,
                "error":10.4076,
                "syst":7.74266
            },
            "l2_j3_b2":{
                "yield":278,
                "error":9.20855,
                "syst":7.26889
            },
            "l2_j4_b2":{
                "yield":416,
                "error":7.40525,
                "syst":8.45383
            },
            "l3_j1_b0":{
                "yield":328,
                "error":8.19731,
                "syst":6.98604
            },
            "l3_j2_b0":{
                "yield":171,
                "error":11.5854,
                "syst":9.96351
            },
            "l3_j3_b0":{
                "yield":62,
                "error":19.1633,
                "syst":10.7108
            },
            "l3_j4_b0":{
                "yield":38,
                "error":23.6831,
                "syst":8.9602
            },
            "l3_j1_b1":{
                "yield":508,
                "error":6.19351,
                "syst":8.04912
            },
            "l3_j2_b1":{
                "yield":300,
                "error":8.0818,
                "syst":9.18872
            },
            "l3_j3_b1":{
                "yield":137,
                "error":12.7294,
                "syst":7.79917
            },
            "l3_j4_b1":{
                "yield":50,
                "error":25.1242,
                "syst":13.3502
            },
            "l3_j1_b2":{
                "yield":5,
                "error":53.354,
                "syst":40.6501
            },
            "l3_j2_b2":{
                "yield":30,
                "error":26.9341,
                "syst":7.21745,
            },
            "l3_j3_b2":{
                "yield":32,
                "error":25.3507,