{
    "2016":{
        "fakes_mc":{
            "l2_j2_b0":{
                "syst":4.46067
            },
            "l2_j3_b0":{
                "syst":5.62097
            },
            "l2_j4_b0":{
                "syst":6.07675
            },
            "l2_j2_b1":{
                "syst":4.76551
            },
            "l2_j3_b1":{
                "syst":4.84993
            },
            "l2_j4_b1":{
                "syst":5.59812
            },
            "l2_j2_b2":{
                "syst":5.03131
            },
            "l2_j3_b2":{
                "syst":5.98169
            },
            "l2_j4_b2":{
                "syst":6.29573
            },
            "l3_j1_b0":{
                "syst":6.79787
            },
            "l3_j2_b0":{
                "syst":6.70704
            },
            "l3_j3_b0":{
                "syst":9.27242
            },
            "l3_j4_b0":{
                "syst":8.82801
            },
            "l3_j1_b1":{
                "syst":6.49155
            },
            "l3_j2_b1":{
                "syst":5.32922
            },
            "l3_j3_b1":{
                "syst":8.69589
            },
            "l3_j4_b1":{
                "syst":6.4532
            },
            "l3_j1_b2":{
                "syst":8.72948
            },
            "l3_j2_b2":{
                "syst":5.47438
            },
            "l3_j3_b2":{
                "syst":7.82636
            },
            "l3_j4_b2":{
                "syst":19.5941
            }
        },
        "flips_mc":{
            "l2_j2_b0":{
                "syst":1.27
            },
            "l2_j3_b0":{
                "syst":1.51
            },
            "l2_j4_b0":{
                "syst":1.82
            },
            "l2_j2_b1":{
                "syst":1.06
            },
            "l2_j3_b1":{
                "syst":1.16
            },
            "l2_j4_b1":{
                "syst":1.28
            },
            "l2_j2_b2":{
                "syst":1.08
            },
            "l2_j3_b2":{
                "syst":2.53
            },
            "l2_j4_b2":{
                "syst":1.24
            },
            "l3_j1_b0":{
                "syst":0
            },
            "l3_j2_b0":{
                "syst":0
            },
            "l3_j3_b0":{
                "syst":0
            },
            "l3_j4_b0":{
                "syst":0
            },
            "l3_j1_b1":{
                "syst":0
            },
            "l3_j2_b1":{
                "syst":0
            },
            "l3_j3_b1":{
                "syst":0
            },
            "l3_j4_b1":{
                "syst":0
            },
            "l3_j1_b2":{
                "syst":0
            },
            "l3_j2_b2":{
                "syst":0
            },
            "l3_j3_b2":{
                "syst":0
            },
            "l3_j4_b2":{
                "syst":0
            }
        }
    },
    "2017":{
        "fakes_mc":{
            "l2_j2_b0":{
                "syst":6.63146
            },
            "l2_j3_b0":{
                "syst":7.24731
            },
            "l2_j4_b0":{
                "syst":9.42543
            },
            "l2_j2_b1":{
                "syst":8.08039
            },
            "l2_j3_b1":{
                "syst":7.56606
            },
            "l2_j4_b1":{
                "syst":9.85621
            },
            "l2_j2_b2":{
                "syst":7.74266
            },
            "l2_j3_b2":{
                "syst":7.26889
            },
            "l2_j4_b2":{
                "syst":8.45383
            },
            "l3_j1_b0":{
                "syst":6.98604
            },
            "l3_j2_b0":{
                "syst":9.96351
            },
            "l3_j3_b0":{
                "syst":10.7108
            },
            "l3_j4_b0":{
                "syst":8.9602
            },
            "l3_j1_b1":{
                "syst":8.04912
            },
            "l3_j2_b1":{
                "syst":9.18872
            },
            "l3_j3_b1":{
                "syst":7.79917
            },
            "l3_j4_b1":{
                "syst":13.3502
            },
            "l3_j1_b2":{
                "syst":40.6501
            },
            "l3_j2_b2":{
                "syst":7.21745
            },
            "l3_j3_b2":{
                "syst":10.4827
            },
            "l3_j4_b2":{
                "syst":10.228
            }
        },
        "flips_mc":{
            "l2_j2_b0":{
                "syst":2.79
            },
            "l2_j3_b0":{
                "syst":3.49
            },
            "l2_j4_b0":{
                "syst":4.14
            },
            "l2_j2_b1":{
                "syst":2.41
            },
            "l2_j3_b1":{
                "syst":2.71
            },
            "l2_j4_b1":{
                "syst":2.99
            },
            "l2_j2_b2":{
                "syst":1.08
            },
            "l2_j3_b2":{
                "syst":2.53
            },
            "l2_j4_b2":{
                "syst":2.95
            },
            "l3_j1_b0":{
                "syst":0
            },
            "l3_j2_b0":{
                "syst":0
            },
            "l3_j3_b0":{
                "syst":0
            },
            "l3_j4_b0":{
                "syst":0
            },
            "l3_j1_b1":{
                "syst":0
            },
            "l3_j2_b1":{
                "syst":0
            },
            "l3_j3_b1":{
                "syst":0
            },
            "l3_j4_b1":{
                "syst":0
            },
            "l3_j1_b2":{
                "syst":0
            },
            "l3_j2_b2":{
                "syst":0
            },
            "l3_j3_b2":{
                "syst":0
            },
            "l3_j4_b2":{
                "syst":0
            }
        }
    },
    "2018":{
        "fakes_mc":{
            "l2_j2_b0":{
                "syst":7.71618
            },
            "l2_j3_b0":{
                "syst":7.72384
            },
            "l2_j4_b0":{
                "syst":7.31554
            },
            "l2_j2_b1":{
                "syst":8.71154
            },
            "l2_j3_b1":{
                "syst":9.50327
            },
            "l2_j4_b1":{
                "syst":10.0837
            },
            "l2_j2_b2":{
                "syst":7.85155
            },
            "l2_j3_b2":{
                "syst":7.64877
            },
            "l2_j4_b2":{
                "syst":8.39966
            },
            "l3_j1_b0":{
                "syst":7.96532
            },
            "l3_j2_b0":{
                "syst":10.14
            },
            "l3_j3_b0":{
                "syst":14.7398
            },
            "l3_j4_b0":{
                "syst":21.8245
            },
            "l3_j1_b1":{
                "syst":9.96087
            },
            "l3_j2_b1":{
                "syst":10.1111
            },
            "l3_j3_b1":{
                "syst":10.4591
            },
            "l3_j4_b1":{
                "syst":13.9245
            },
            "l3_j1_b2":{
                "syst":16.6508
            },
            "l3_j2_b2":{
                "syst":10.7022
            },
            "l3_j3_b2":{
                "syst":13.3193
            },
            "l3_j4_b2":{
                "syst":11.5897
            }
        },
        "flips_mc":{
            "l2_j2_b0":{
                "syst":1.72
            },
            "l2_j3_b0":{
                "syst":1.97
            },
            "l2_j4_b0":{
                "syst":2.14
            },
            "l2_j2_b1":{
                "syst":1.49
            },
            "l2_j3_b1":{
                "syst":1.59
            },
            "l2_j4_b1":{
                "syst":2.99
            },
            "l2_j2_b2":{
                "syst":1.56
            },